Mobiles,Colors,Price in Rupees,Off(%),Ram,Rom,Expandable_GB/TB,Dual_sim,Screen_in_inch,Display,Secondary_Camera(MP),Primary_Camera(MP),Battery_details,Warranty(Year),Rating
RealmeC2,DiamondBlack,5999,14,2 GB  , 16 GB  ,  256 GB,yes,6.1,HD,5,13 + 2 ,4000,1,4.5
RealmeC2,DiamondBlue,5999,14,2 GB  , 16 GB  ,  256 GB,yes,6.1,HD,5,13 + 2 ,4000,1,4.5
SamsungGalaxyOnNxt,Gold,8990,49,3 GB  , 64 GB  ,  256 GB,yes,5.5,FullHDDisplay,8,13,3300,1,4.3
OPPOA37f,Grey,10000,10,2 GB  , 16 GB  ,  128 GB,yes,5,HDDisplay,5,8,2630,1,4.2
OPPOA71,Gold,10000,10,3 GB  , 16 GB  ,  256 GB,yes,5.2,HDDisplay,5,13,3000,1,4.2
OPPOA71,Black,9800,25,3 GB  , 16 GB  ,  256 GB,yes,5.2,HDDisplay,5,13,3000,1,4.2
OPPOA71NewEdition,Black,9799,10,3 GB  , 16 GB  ,  256 GB,yes,5.2,HDDisplay,5,13,3000,1,4.4
OPPONeo74G,Black,10000,10,1 GB  , 16 GB  ,  32 GB,yes,5,HDDisplay,5,8,2420,0,3.8
OPPOA1K,Red,7990,27,2 GB  , 32 GB  ,  256 GB,yes,6.1,NA,5,8,4000,1,4.4
OPPOA3s,Purple,10990,21,4 GB  , 64 GB  ,  256 GB,yes,6.2,HD,8,13 + 2 ,4230,1,4.3
OPPOA3s,Red,10990,21,4 GB  , 64 GB  ,  256 GB,yes,6.2,HD,8,13 + 2 ,4230,1,4.3
OPPOK1,PianoBlack,14990,21,4 GB  , 64 GB  ,  256 GB,yes,6.41,NA,25,16 + 2 ,3600,1,4.4
OPPOK1,AstralBlue,14990,21,4 GB  , 64 GB  ,  256 GB,yes,6.41,NA,25,16 + 2 ,3600,1,4.4
SamsungGalaxyOnNxt,Black,8990,49,3 GB  , 64 GB  ,  256 GB,yes,5.5,FullHDDisplay,8,13,3300,1,4.3
RedmiNote7Pro,NeptuneBlue,13999,12,4 GB  , 64 GB  ,  256 GB,yes,6.3,FHD,13,48 + 5 ,4000,1,4.5
RedmiNote7Pro,SpaceBlack,13999,12,4 GB  , 64 GB  ,  256 GB,yes,6.3,FHD,13,48 + 5 ,4000,1,4.5
RedmiNote7Pro,NeptuneBlue,16999,5,6 GB  , 128 GB  ,  256 GB,yes,6.3,FHD,13,48 + 5 ,4000,1,4.5
RedmiNote7Pro,SpaceBlack,16999,5,6 GB  , 128 GB  ,  256 GB,yes,6.3,FHD,13,48 + 5 ,4000,1,4.5
Realme3,DynamicBlack,10999,15,4 GB  , 64 GB  ,  256 GB,yes,6.22,HD,13,13 + 2 ,4230,1,4.4
Realme3,RadiantBlue,9999,16,3 GB  , 64 GB  ,  256 GB,yes,6.22,HD,13,13 + 2 ,4230,1,4.5
OPPOA3s,Red,9990,28,3 GB  , 32 GB  ,  256 GB,yes,6.2,HD,8,13 + 2 ,4230,1,4.3
OPPOA3s,Purple,9990,28,3 GB  , 32 GB  ,  256 GB,yes,6.2,HD,8,13 + 2 ,4230,1,4.3
OPPOA1K,Black,7990,27,2 GB  , 32 GB  ,  256 GB,yes,6.1,NA,5,8,4000,1,4.4
OPPOA83,Champagne,8990,10,2 GB  , 16 GB  ,  256 GB,yes,5.7,HDDisplay,8,13,3180,1,4.2
OPPOA83,Red,8990,10,2 GB  , 16 GB  ,  256 GB,yes,5.7,HDDisplay,8,13,3180,1,4.2
OPPOA71k,NewEdition,8620,10,3 GB  , 16 GB  ,  256 GB,yes,5.2,HDDisplay,5,13,3000,1,4.4
OPPOA71k,NewEdition,10990,10,3 GB  , 16 GB  ,  256 GB,yes,5.2,HDDisplay,5,13,3000,1,4.4
OPPOA37f,Gold,9990,10,2 GB  , 16 GB  ,  128 GB,yes,5,HDDisplay,5,8,2630,0,4.2
RedmiNote7S,SapphireBlue,10999,8,3 GB  , 32 GB  ,  256 GB,yes,6.3,FHD,13,48 + 5 ,4000,1,4.4
Realme3,RadiantBlue,8999,18,3 GB  , 32 GB  ,  256 GB,yes,6.22,HD,13,13 + 2 ,4230,1,4.5
Realme3,RadiantBlue,10999,15,4 GB  , 64 GB  ,  256 GB,yes,6.22,HD,13,13 + 2 ,4230,1,4.4
Realme3,DynamicBlack,8999,18,3 GB  , 32 GB  ,  256 GB,yes,6.22,HD,13,13 + 2 ,4230,1,4.5
RealmeC2,DiamondBlack,7999,11,3 GB  , 32 GB  ,  256 GB,yes,6.1,HD,5,13 + 2 ,4000,1,4.4
RealmeC2,DiamondBlue,7999,11,3 GB  , 32 GB  ,  256 GB,yes,6.1,HD,5,13 + 2 ,4000,1,4.4
AppleiPhoneX,SpaceGray,59999,34,64 GB  ,NA,  256 GB,yes,5.8,SuperRetinaHDDisplay,5,12 + 12 ,3000,1,4.6
AsusZenfoneMaxProM1,Grey,8499,34,4 GB  , 64 GB  ,  2 TB,yes,5.99,FullHD,8,13 + 5 ,5000,1,4.3
Realme3Pro,LightningPurple,15999,11,6 GB  , 64 GB  ,  256 GB,yes,6.3,FHD,25,16 + 5 ,4045,1,4.5
Realme3Pro,LightningPurple,16999,15,6 GB  , 128 GB  ,  256 GB,yes,6.3,FHD,25,16 + 5 ,4045,1,4.5
Realme3Pro,LightningPurple,13999,12,4 GB  , 64 GB  ,  256 GB,yes,6.3,FHD,25,16 + 5 ,4045,1,4.5
RedmiY2,Blue,7999,23,3 GB  , 32 GB  ,  256 GB,yes,5.99,HD,16,12 + 5 ,3080,1,4.5
AppleiPhoneX,Silver,59999,34,64 GB  ,NA,  256 GB,yes,5.8,SuperRetinaHDDisplay,16,12 + 12 ,4000,1,4.6
Redmi6,Blue,6999,22,3 GB  , 32 GB  ,  256 GB,yes,5.45,HD,5,12 + 5 ,3000,1,4.4
OPPOF11,FluoritePurple,17990,18,4 GB  , 128 GB  ,  256 GB,yes,6.53,NA,16,48 + 5 ,4020,1,4.4
OPPOF11,MarbleGreen,17990,18,4 GB  , 128 GB  ,  256 GB,yes,6.53,NA,16,48 + 5 ,4020,1,4.4
OPPOF11Pro,ThunderBlack,23990,20,6 GB  , 128 GB  ,  256 GB,yes,6.5,FHD,16,48 + 5 ,4000,1,4.5
OPPOF11Pro,AuroraGreen,23990,20,6 GB  , 128 GB  ,  256 GB,yes,6.5,FHD,16,48 + 5 ,4000,1,4.5
OPPOF11Pro,ThunderBlack,20990,27,6 GB  , 64 GB  ,  256 GB,yes,6.5,FHD,16,48 + 5 ,4000,1,4.5
OPPOF11Pro,AuroraGreen,20990,27,6 GB  , 64 GB  ,  256 GB,yes,6.5,FHD,16,48 + 5 ,4000,1,4.5
KekaiSparkGio,Black,3945,60,1 GB  , 16 GB  ,  64 GB,yes,5.5,HDDisplay,2,5,2200,0,3.7
KarbonnK9SmartYUVA,Coffee&Champagne,3880,60,1 GB  , 8 GB  ,  64 GB,yes,5,NA,2,5,2300,0,3.5
ItelA23,GradationRed,3999,20,1 GB  , 8 GB  ,  32 GB,yes,5,FWVGADisplay,0,2,2050,0,4
ItelA23,ChampagneGold,3959,1,1 GB  , 8 GB  ,  32 GB,yes,5,NA,0,2,2050,0,4
ItelA23,PhantomBlack,3959,1,1 GB  , 8 GB  ,  32 GB,yes,5,FWVGADisplay,0,2,2050,0,4
MicromaxQ402+,Black,3250,24,1 GB  , 8 GB  ,  32 GB,yes,4,NA,0,5,1700,0,3.8
MobiistarC1Lite,Black,3699,2,1 GB  , 8 GB  ,  32 GB,yes,5.34,NADisplay,5,5,2700,0,4.1
MicromaxBharat2Plus,Blue,3699,26,1 GB  , 8 GB  ,  32 GB,yes,4,NA,5,5,1600,0,3.6
MicromaxVdeo3,Champagne,3999,30,1 GB  , 8 GB  ,  32 GB,yes,5,HDDisplay,2,5,2000,1,4
VOTOV12,Black,3897,43,2 GB  , 16 GB  ,  32 GB,yes,5,HDDisplay,5,13,3000,1,3.3
ComioC2Lite,RoyalBlack,4699,9,1.5 GB  , 16 GB  ,  128 GB,yes,5,HDDisplay,5,8,3900,0,3.8
IntexInfie33,LakeBlue,3860,9,1 GB  , 8 GB  ,  32 GB,yes,5.34,NA,5,5,3000,0,3.7
OPPOA5s,Red,8990,30,2 GB  , 32 GB  ,  256 GB,yes,6.2,HD,8,13 + 2 ,4230,1,4.3
OPPOA5s,Black,9990,28,3 GB  , 32 GB  ,  256 GB,yes,6.2,HD,8,13 + 2 ,4230,1,4.4
OPPOA5s,Black,8990,30,2 GB  , 32 GB  ,  256 GB,yes,6.2,HD,8,13 + 2 ,4230,1,4.3
OPPOA5s,Red,9990,28,3 GB  , 32 GB  ,  256 GB,yes,6.2,HD,8,13 + 2 ,4230,1,4.4
OPPOA3s,Purple,7990,33,2 GB  , 16 GB  ,  256 GB,yes,6.2,HD,8,13 + 2 ,4230,1,4.3
OPPOA3s,Red,7990,33,2 GB  , 16 GB  ,  256 GB,yes,6.2,HD,8,13 + 2 ,4230,1,4.3
OPPOA3s,Purple,10990,21,4 GB  , 64 GB  ,  256 GB,yes,6.2,HD,8,13 + 2 ,4230,1,4.3
OPPOA3s,Red,10990,21,4 GB  , 64 GB  ,  256 GB,yes,6.2,HD,8,13 + 2 ,4230,1,4.3
OPPOK1,AstralBlue,14990,21,4 GB  , 64 GB  ,  256 GB,yes,6.41,NA,25,16 + 2 ,3600,1,4.4
OPPOK1,PianoBlack,14990,21,4 GB  , 64 GB  ,  256 GB,yes,6.41,NA,25,16 + 2 ,3600,1,4.4
RedmiNote7Pro,NeptuneBlue,13999,12,4 GB  , 64 GB  ,  256 GB,yes,6.3,FHD,13,48 + 5 ,4000,1,4.5
RedmiNote7Pro,SpaceBlack,13999,12,4 GB  , 64 GB  ,  256 GB,yes,6.3,FHD,13,48 + 5 ,4000,1,4.5
Realme3,RadiantBlue,9999,16,3 GB  , 64 GB  ,  256 GB,yes,6.22,HD,13,13 + 2 ,4230,1,4.5
Realme3,DynamicBlack,10999,15,4 GB  , 64 GB  ,  256 GB,yes,6.22,HD,13,13 + 2 ,4230,1,4.4
Realme3,RadiantBlue,10999,15,4 GB  , 64 GB  ,  256 GB,yes,6.22,HD,13,13 + 2 ,4230,1,4.4
RedmiNote7S,SapphireBlue,10999,8,3 GB  , 32 GB  ,  256 GB,yes,6.3,FHD,13,48 + 5 ,4000,1,4.4
Realme3Pro,LightningPurple,13999,12,4 GB  , 64 GB  ,  256 GB,yes,6.3,FHD,25,16 + 5 ,4045,1,4.5
RedmiY2,Blue,7999,23,3 GB  , 32 GB  ,  256 GB,yes,5.99,HD,16,12 + 5 ,3080,1,4.5
RedmiNote7S,OnyxBlack,10999,8,3 GB  , 32 GB  ,  256 GB,yes,6.3,FHD,13,48 + 5 ,4000,1,4.4
Realme3Pro,NitroBlue,13999,12,4 GB  , 64 GB  ,  256 GB,yes,6.3,FHD,25,16 + 5 ,4045,1,4.5
RedmiY2,Black,7999,23,3 GB  , 32 GB  ,  256 GB,yes,5.99,HD,16,12 + 5 ,3080,1,4.5
RedmiNote6Pro,Black,11999,25,4 GB  , 64 GB  ,  256 GB,yes,6.26,FHD,20,12 + 5 ,4000,1,4.5
OPPOR17Pro,EmeraldGreen,29990,40,8 GB  , 128 GB  ,  256 GB,yes,6.4,NA,25,12 + 20 ,3700,1,4.4
OPPOA3s,Purple,7990,33,2 GB  , 16 GB  ,  256 GB,yes,6.2,HD,8,13 + 2 ,4230,1,4.3
OPPOA3s,Red,7990,33,2 GB  , 16 GB  ,  256 GB,yes,6.2,HD,8,13 + 2 ,4230,1,4.3
OPPOA7,GlazeBlue,13990,26,4 GB  , 64 GB  ,  256 GB,yes,6.2,HD,16,13 + 2 ,4230,1,4.4
OPPOF9Pro,SunriseRed,17990,30,6 GB  , 64 GB  ,  256 GB,yes,6.3,FullHDDisplay,25,16 + 2 ,3500,1,4.5
OPPOF9Pro,TwilightBlue,17990,30,6 GB  , 64 GB  ,  256 GB,yes,6.3,FullHDDisplay,25,16 + 2 ,3500,1,4.5
OPPOF9Pro,StarryPurple,17990,30,6 GB  , 64 GB  ,  256 GB,yes,6.3,FullHDDisplay,25,16 + 2 ,3500,1,4.5
OPPOA5,DiamondRed,11990,25,4 GB  , 64 GB  ,  256 GB,yes,6.2,HD,8,13 + 2 ,4230,1,4.3
OPPOA3s,Red,9990,28,3 GB  , 32 GB  ,  256 GB,yes,6.2,HD,8,13 + 2 ,4230,1,4.3
OPPOA3s,Purple,9990,28,3 GB  , 32 GB  ,  256 GB,yes,6.2,HD,8,13 + 2 ,4230,1,4.3
OPPOA5,DiamondBlue,11990,25,4 GB  , 32 GB  ,  256 GB,yes,6.2,HD,8,13 + 2 ,4230,1,4.3
OPPOA5s,Red,8990,30,2 GB  , 32 GB  ,  256 GB,yes,6.2,HD,8,13 + 2 ,4230,1,4.3
OPPOA7,GlaringGold,13990,26,4 GB  , 64 GB  ,  256 GB,yes,6.2,HD,16,13 + 2 ,4230,1,4.4
OPPOA5s,Black,9990,28,3 GB  , 32 GB  ,  256 GB,yes,6.2,HD,8,13 + 2 ,4230,1,4.4
Redmi6,Blue,6999,22,3 GB  , 32 GB  ,  256 GB,yes,5.45,HD,5,12 + 5 ,3000,1,4.4
Redmi6,Black,6999,22,3 GB  , 32 GB  ,  256 GB,yes,5.45,HD,5,12 + 5 ,3000,1,4.4
InfinixSmart3Plus,MochaBrown,6999,12,2 GB  , 32 GB  ,  256 GB,yes,6.21,HD,8,13 + 2 ,3500,1,4.2
RealmeC1,MirrorBlack,6999,22,2 GB  , 32 GB  ,  256 GB,yes,6.2,HD,5,13 + 2 ,4230,1,4.4
RealmeC1,NavyBlue,6999,22,2 GB  , 32 GB  ,  256 GB,yes,6.2,HD,5,13 + 2 ,4230,1,4.4
RealmeC1,MirrorBlack,6999,22,2 GB  , 16 GB  ,  256 GB,yes,6.2,HD,5,13 + 2 ,4230,1,4.4
InfinixSmart3Plus,MidnightBlack,6999,12,2 GB  , 32 GB  ,  256 GB,yes,6.21,HD,8,13 + 2  ,3500,1,4.2
InfinixSmart3Plus,SapphireCyan,6999,12,2 GB  , 32 GB  ,  256 GB,yes,6.21,HD,8,13 + 2 ,3500,1,4.2
Redmi6A,Gold,6670,3,2 GB  , 32 GB  ,  128 GB,yes,5.45,HDDisplay,8,13,3000,0,4.3
Redmi6A,Blue,6739,1,2 GB  , 32 GB  ,  128 GB,yes,5.45,HDDisplay,8,13,3000,0,4.3
Redmi6A,RoseGold,6894,1,2 GB  , 32 GB  ,  128 GB,yes,5.45,HDDisplay,8,13,3000,0,4.3
Redmi6A,Blue,6545,1,2 GB  , 16 GB  ,  128 GB,yes,5.45,NA,5,13,3000,0,4.3
Redmi6A,Black,6799,1,2 GB  , 32 GB  ,  128 GB,yes,5.45,HDDisplay,5,13,3000,0,4.3
LenovoA5,Gold,6999,12,3 GB  , 32 GB  ,  256 GB,yes,5.45,HD,8,13,4000,1,4
Redmi6A,Black,6465,1,2 GB  , 16 GB  ,  128 GB,yes,5.45,NA,5,13,3000,0,4.3
SamsungOn7Pro,Gold,6499,1,2 GB  , 16 GB  ,  128 GB,yes,5.5,NA,5,13,3000,0,4.1
Redmi6A,RoseGold,6475,1,2 GB  , 16 GB  ,  128 GB,yes,5.45,NA,5,13,3000,0,4.3
Redmi5,LakeBlue,6990,17,2 GB  , 16 GB  ,  128 GB,yes,5.7,HD,5,12,3300,1,4.3
VotoV9,Red,6289,37,3 GB  , 32 GB  ,  128 GB,yes,5.85,HD,5,13,3000,0,3.7
SamsungGalaxyA2Core,Blue,5290,10,1 GB  , 16 GB  ,  256 GB,yes,5,QuadHDDisplay,5,5,2600,1,4.2
InFocusVision3,PremiumGold,6999,10,2 GB  , 16 GB  ,  128 GB,yes,5.7,NA,8,13 + 5 ,4000,0,4
Nokia2.1,Blue&Copper,5046,13,1 GB  , 8 GB  ,  128 GB,yes,5.5,NA,8,8,4000,0,4.1
Redmi6A,Gold,6450,3,2 GB  , 16 GB  ,  128 GB,yes,5.45,NA,8,13,3000,0,4.3
SamsungGalaxyA2Core,DarkGray,5290,10,1 GB  , 16 GB  ,  256 GB,yes,5,QuadHDDisplay,5,5,2600,1,4.2
Realme3,RadiantBlue,9999,16,3 GB  , 64 GB  ,  256 GB,yes,6.22,HD,13,13 + 2 ,4230,1,4.5
RedmiY2,Blue,7999,23,3 GB  , 32 GB  ,  256 GB,yes,5.99,HD,16,12 + 5 ,3080,1,4.5
RedmiY2,Black,7999,23,3 GB  , 32 GB  ,  256 GB,yes,5.99,HD,16,12 + 5 ,3080,1,4.5
RedmiY2,Gold,7999,23,3 GB  , 32 GB  ,  256 GB,yes,5.99,HD,16,12 + 5 ,3080,1,4.5
SamsungGalaxyJ6,Blue,9490,26,4 GB  , 64 GB  ,  256 GB,yes,5.6,HD,8,13,3000,1,4.5
VivoY81,Gold,8490,39,3 GB  , 32 GB  ,  256 GB,yes,6.1,HD,5,13,3260,1,4.4
VivoY81,Black,8490,39,3 GB  , 32 GB  ,  256 GB,yes,6.1,HD,5,13,3260,1,4.4
SamsungGalaxyA10,Blue,7990,8,2 GB  , 32 GB  ,  512 GB,yes,6.2,HD,5,13,3400,1,4.3
MotoE5Plus,FineGold,7999,33,3 GB  , 32 GB  ,  128 GB,yes,6,HD,5,12,5000,0,4.2
SamsungGalaxyJ6,Black,9490,26,4 GB  , 64 GB  ,  256 GB,yes,5.6,HD,8,13,3000,1,4.5
VivoY91,NebulaPurple,9990,9,3 GB  , 32 GB  ,  256 GB,yes,6.22,HD,8,13 + 2 ,4030,1,4.4
Honor10Lite,SapphireBlue,9999,28,3 GB  , 32 GB  ,  512 GB,yes,6.21,FHD,24,13 + 2 ,3400,1,4.3
SamsungGalaxyJ6,Gold,9490,26,4 GB  , 64 GB  ,  256 GB,yes,5.6,HD,8,13,3000,1,4.5
OPPOA5s,Red,8990,30,2 GB  , 32 GB  ,  256 GB,yes,6.2,HD,8,13 + 2 ,4230,1,4.3
MiA1,Black,9399,41,4 GB  , 64 GB  ,  128 GB,yes,5.5,FullHDDisplay,5,12 + 12 ,3080,1,4.4
OPPOA5s,Black,9990,28,3 GB  , 32 GB  ,  256 GB,yes,6.2,HD,8,13 + 2 ,4230,1,4.4
OPPOA5s,Black,8990,30,2 GB  , 32 GB  ,  256 GB,yes,6.2,HD,8,13 + 2 ,4230,1,4.3
OPPOA5s,Red,9990,28,3 GB  , 32 GB  ,  256 GB,yes,6.2,HD,8,13 + 2 ,4230,1,4.4
Honor10Lite,MidnightBlack,9999,28,3 GB  , 32 GB  ,  512 GB,yes,6.21,FHD,24,13 + 2 ,3400,1,4.3
RedmiY2,Gold,9999,25,4 GB  , 64 GB  ,  256 GB,yes,5.99,HD,16,12 + 5 ,3080,1,4.4
PanasonicElugaX1,Grey,9195,63,4 GB  , 64 GB  ,  256 GB,yes,6.18,FHD,16,16 + 5 ,3000,1,4.1
OPPOA3s,Red,7990,33,2 GB  , 16 GB  ,  256 GB,yes,6.2,HD,8,13 + 2 ,4230,1,4.3
RedmiY2,Black,9999,25,4 GB  , 64 GB  ,  256 GB,yes,5.99,HD,16,12 + 5 ,3080,1,4.4
VivoY91i,FusionBlack,7990,20,2 GB  , 32 GB  ,  256 GB,yes,6.22,HD,5,13,4030,1,4.3
RedmiGo,Blue,4799,20,1 GB  , 16 GB  ,  128 GB,yes,5,HDDisplay,5,8,3000,1,4.3
RedmiGo,Black,4499,25,1 GB  , 8 GB  ,  128 GB,yes,5,HDDisplay,5,8,3000,1,4.3
RedmiGo,Black,4799,20,1 GB  , 16 GB  ,  128 GB,yes,5,HDDisplay,5,8,3000,1,4.3
InfinixSmart2,SandstoneBlack,4499,35,2 GB  , 16 GB  ,  128 GB,yes,5.45,HD,8,13,3050,1,4.1
YuAce,RoseGold,4999,37,2 GB  , 16 GB  ,  128 GB,yes,5.45,HD,5,13,4000,1,4
YuAce,CharcoalGrey,4999,37,2 GB  , 16 GB  ,  128 GB,yes,5.45,HD,5,13,4000,1,4
YuAce,ElektricBlue,4999,37,2 GB  , 16 GB  ,  128 GB,yes,5.45,HD,5,13,4000,1,4
MicromaxBharat5InfinityEdition,RoseGold,4749,32,1 GB  , 16 GB  ,  32 GB,yes,5.45,NA,5,5,5000,1,3.9
GioneeF205,BlackandGold,4990,41,2 GB  , 16 GB  ,  256 GB,yes,5.45,HD,5,8,2670,1,4.1
Nokia1,DarkBlue,4245,3,1 GB  , 8 GB  ,  128 GB,yes,4.5,NA,2,5,2150,0,4
MobiistarC1,Blue,4799,2,2 GB  , 16 GB  ,  128 GB,yes,5.34,NA,2,5,3000,0,4.1
AsusZenFoneLiteL1,Black,4999,28,2 GB  , 16 GB  ,  256 GB,yes,5.45,HD,5,13,3000,1,4.2
MobiistarC1,Gold,4119,19,2 GB  , 16 GB  ,  128 GB,yes,5.34,NA,5,5,3000,0,4.1
MobiistarC1Lite,Gold,3849,3,1 GB  , 8 GB  ,  128 GB,yes,5.34,NA,5,5,2700,0,4.1
XOLOEra4x,Black,4999,30,2 GB  , 16 GB  ,  32 GB,yes,5.45,HD,5,8,3000,0,4.1
Nokia1,WarmRed,4290,30,1 GB  , 8 GB  ,  32 GB,yes,4.5,NA,5,5,2150,0,4
ItelA46,GradationDiamondGrey,4999,16,2 GB  , 16 GB  ,  128 GB,yes,5.45,HD,5,8 + 0.3 ,2350,0,4.3
LavaZ61,Gold,4999,23,1 GB  , 16 GB  ,  32 GB,yes,5.45,HD,5,8,3000,1,4.1
LavaZ50,Gold,3999,23,1 GB  , 8 GB  ,  32 GB,yes,4.5,FWVGADisplay,5,5,2000,0,3.7
LavaZ50,Black,3999,33,1 GB  , 8 GB  ,  64 GB,yes,4.5,FWVGADisplay,5,5,2000,0,3.7
RedmiY2,Gold,7999,23,3 GB  , 32 GB  ,  256 GB,yes,5.99,HD,16,12 + 5 ,3080,1,4.5
RedmiNote7S,RubyRed,10999,8,3 GB  , 32 GB  ,  256 GB,yes,6.3,FHD,13,48 + 5 ,4000,1,4.4
RedmiNote7S,RubyRed,12999,7,4 GB  , 64 GB  ,  256 GB,yes,6.3,FHD,13,48 + 5 ,4000,1,4.5
Honor9i,GraphiteBlack,8999,55,4 GB  , 64 GB  ,  128 GB,yes,5.9,FullHD,13,16 + 2 ,3340,0,4.3
RedmiNote5Pro,Gold,11999,29,6 GB  , 64 GB  ,  128 GB,yes,5.99,FullHD,20,12 + 5 ,4000,1,4.5
Honor9i,AuroraBlue,8999,55,4 GB  , 64 GB  ,  128 GB,yes,5.9,FullHD,13,16 + 2 ,3340,0,4.3
RedmiNote6Pro,Blue,11999,25,4 GB  , 64 GB  ,  256 GB,yes,6.26,FHD,20,12 + 5 ,4000,1,4.5
Realme2Pro,BlackSea,10490,25,4 GB  , 64 GB  ,  256 GB,yes,6.3,FHD,16,16 + 2 ,3500,1,4.5
Realme2Pro,BlueOcean,10490,25,4 GB  , 64 GB  ,  256 GB,yes,6.3,FHD,16,16 + 2 ,3500,1,4.5
SamsungGalaxyJ6,Blue,9490,26,4 GB  , 64 GB  ,  256 GB,yes,5.6,HD,8,13,3000,1,4.5
Realme2Pro,BlueOcean,12490,21,6 GB  , 64 GB  ,  256 GB,yes,6.3,FHD,16,16 + 2 ,3500,1,4.5
VivoY81,Gold,8490,39,3 GB  , 32 GB  ,  256 GB,yes,6.1,HD,5,13,3260,1,4.4
LavaZ51,Gold,4499,10,1 GB  , 16 GB  ,  128 GB,yes,5,NA,5,5,2550,1,3.8
KarbonnAuraSleekPlus,Champagne,4599,10,2 GB  , 16 GB  ,  32 GB,yes,5,HDDisplay,5,8,2000,0,3.7
LavaZ61,Black,4999,23,1 GB  , 16 GB  ,  32 GB,yes,5.45,HD,5,8,3000,1,4.1
LavaZ60S,Gold,4499,24,1 GB  , 16 GB  ,  64 GB,yes,5,HDDisplay,5,5,2500,0,4
RealmeC2,DiamondBlack,5999,14,2 GB  , 16 GB  ,  256 GB,yes,6.1,HD,5,13 + 2 ,4000,1,4.5
RealmeC2,DiamondBlue,5999,14,2 GB  , 16 GB  ,  256 GB,yes,6.1,HD,5,13 + 2 ,4000,1,4.5
Honor7S,Blue,5499,38,2 GB  , 16 GB  ,  256 GB,yes,5.45,NA,5,13,3020,0,4.1
RedmiGo,Black,4799,20,1 GB  , 16 GB  ,  128 GB,yes,5,HDDisplay,5,8,3000,1,4.3
LenovoA5,Black,5999,14,2 GB  , 16 GB  ,  256 GB,yes,5.45,HD,8,13,4000,1,4.1
Alcatel3V,SpectrumGold,5999,45,3 GB  , 32 GB  ,  128 GB,yes,6,FullHD,8,16 + 5 ,3000,1,3.6
InfinixSmart2,BordeauxRed,5999,25,3 GB  , 32 GB  ,  128 GB,yes,5.45,HD,8,13,3050,1,4
SamsungGalaxyA2Core,Blue,5290,10,1 GB  , 16 GB  ,  256 GB,yes,5,QuadHDDisplay,5,5,2600,1,4.2
MicromaxBharat5InfinityEdition,RoseGold,4749,32,1 GB  , 16 GB  ,  32 GB,yes,5.45,NA,5,5,5000,1,3.9
Nokia1,DarkBlue,4245,3,1 GB  , 8 GB  ,  128 GB,yes,4.5,NA,2,5,2150,0,4
MobiistarC1,Blue,4799,2,2 GB  , 16 GB  ,  128 GB,yes,5.34,NA,2,5,3000,0,4.1
SamsungGalaxyA2Core,DarkGray,5290,10,1 GB  , 16 GB  ,  256 GB,yes,5,QuadHDDisplay,5,5,2600,1,4.2
MobiistarC1,Gold,4119,19,2 GB  , 16 GB  ,  128 GB,yes,5.34,NA,5,5,3000,0,4.1
Nokia1,WarmRed,4290,19,1 GB  , 8 GB  ,32GB,yes,4.5,NA,5,5,2150,0,4
XOLOEra4x,Black,4999,30,2 GB  , 16 GB  ,  32 GB,yes,5.45,HD,5,8,3000,0,4.1
LYFWater1,White,4999,16,2 GB  , 16 GB  ,  32 GB,yes,5,FullHDDisplay,5,13,2600,0,3.5
LYFWind4S,Black,4999,27,2 GB  , 16 GB  ,  32 GB,yes,5,NA,5,8,4000,0,3.6
LYFFlame8,White,3490,37,1 GB  , 8 GB  ,  128 GB,yes,4.5,FWVGADisplay,5,8,2000,1,3.3
MobiistarC2,Gold,5499,5,2 GB  , 16 GB  ,  32 GB,yes,5.34,NA,8,8,3000,0,4
SamsungGalaxyA2Core,Gold,5390,8,1 GB  , 16 GB  ,  256 GB,yes,5,QuadHDDisplay,5,5,2600,1,4.2
LavaZ50,Gold,3999,8,1 GB  , 8 GB  ,32GB,yes,4.5,FWVGADisplay,5,5,2000,0,3.7
LavaZ61,Gold,4999,23,1 GB  , 16 GB  ,  32 GB,yes,5.45,HD,5,8,3000,1,4.1
OPPOF11Pro,ThunderBlack,20990,27,6 GB  , 64 GB  ,  256 GB,yes,6.5,FHD,16,48 + 5 ,4000,1,4.5
VivoY93,NebulaPurple,10990,26,3 GB  , 64 GB  ,  256 GB,yes,6.22,HD,8,13 + 2 ,4030,1,4.4
VivoY15,AquaBlue,13990,12,4 GB  , 64 GB  ,  256 GB,yes,6.35,HD,8,13 + 2,5000,1,4.4
VivoY15,BurgundyRed,13990,12,4 GB  , 64 GB  ,  256 GB,yes,6.35,HD,8,13 + 2,5000,1,4.4
SamsungGalaxyJ6,Black,9490,26,4 GB  , 64 GB  ,  256 GB,yes,5.6,HD,8,13,3000,1,4.5
Nokia5.1Plus,Black,14459,26,4 GB  , 64 GB  ,  256 GB,yes,5.8,HD,8,13 + 5 ,3060,1,4.2
OPPOA3s,Purple,10990,21,4 GB  , 64 GB  ,  256 GB,yes,6.2,HD,8,13 + 2 ,4230,1,4.3
OPPOK1,PianoBlack,14990,21,4 GB  , 64 GB  ,  256 GB,yes,6.41,NA,25,16 + 2 ,3600,1,4.4
OPPOK1,AstralBlue,14990,21,4 GB  , 64 GB  ,  256 GB,yes,6.41,NA,25,16 + 2 ,3600,1,4.4
LavaZ50,Black,3999,33,1 GB  , 8 GB  ,  64 GB,yes,4.5,FWVGADisplay,5,5,2000,0,3.7
SamsungGalaxyJ2Core,Gold,5490,14,1 GB  , 8 GB  ,  256 GB,yes,5,quarterHDDisplay,5,8,2600,1,4.2
KarbonnAuraSleekPlus,Champagne,4599,14,2 GB  , 16 GB  ,  32 GB,yes,5,HDDisplay,5,8,2000,0,3.7
LavaZ61,Black,4999,23,1 GB  , 16 GB  ,  32 GB,yes,5.45,HD,5,8,3000,1,4.1
MobiistarX1Notch,MidnightBlack,6899,1,2 GB  , 16 GB  ,  128 GB,yes,5.7,HD,13,13,3020,0,3.9
RealmeC2,DiamondBlack,7999,11,3 GB  , 32 GB  ,  256 GB,yes,6.1,HD,5,13 + 2 ,4000,1,4.4
RealmeC2,DiamondBlue,7999,11,3 GB  , 32 GB  ,  256 GB,yes,6.1,HD,5,13 + 2 ,4000,1,4.4
RedmiY2,Blue,7999,23,3 GB  , 32 GB  ,  256 GB,yes,5.99,HD,16,12 + 5 ,3080,1,4.5
Redmi6,Gold,7499,28,3 GB  , 64 GB  ,  256 GB,yes,5.45,HD,5,12 + 5 ,3000,1,4.4
RedmiY2,Black,7999,23,3 GB  , 32 GB  ,  256 GB,yes,5.99,HD,16,12 + 5 ,3080,1,4.5
Redmi6,Black,7499,28,3 GB  , 64 GB  ,  256 GB,yes,5.45,HD,5,12 + 5 ,3000,1,4.4
RedmiY2,Gold,7999,23,3 GB  , 32 GB  ,  256 GB,yes,5.99,HD,16,12 + 5 ,3080,1,4.5
Redmi6,Blue,7499,28,3 GB  , 64 GB  ,  256 GB,yes,5.45,HD,5,12 + 5 ,3000,1,4.4
Redmi6,RoseGold,7499,28,3 GB  , 64 GB  ,  256 GB,yes,5.45,HD,5,12 + 5 ,3000,1,4.4
RealmeC1,MirrorBlack,6999,22,2 GB  , 32 GB  ,  256 GB,yes,6.2,HD,5,13 + 2 ,4230,1,4.4
Honor9Lite,SapphireBlue,7999,42,3 GB  , 32 GB  ,  256 GB,yes,5.65,FHD,13,13 + 2 ,3000,0,4.3
SamsungGalaxyA10,Blue,7990,8,2 GB  , 32 GB  ,  512 GB,yes,6.2,HD,5,13,3400,1,4.3
Redmi6A,Gold,6670,3,2 GB  , 32 GB  ,  128 GB,yes,5.45,HDDisplay,5,13,3000,0,4.3
MotoE5Plus,FineGold,7999,33,3 GB  , 32 GB  ,  128 GB,yes,6,HD,5,12,5000,0,4.2
Redmi6A,Black,6799,33,2 GB  , 32 GB  ,  128 GB,yes,5.45,HDDisplay,5,13,3000,0,4.3
AsusZenfoneMaxProM1,Grey,7999,27,3 GB  , 32 GB  ,  2 TB,yes,5.99,FullHD,8,13 + 5 ,5000,1,4.3
Redmi6A,Blue,6730,15,2 GB  , 32 GB  ,  128 GB,yes,5.45,HDDisplay,8,13,3000,0,4.3
OPPOA3s,Red,7990,33,2 GB  , 16 GB  ,  256 GB,yes,6.2,HD,8,13 + 2 ,4230,1,4.3
VivoY91i,FusionBlack,7990,20,2 GB  , 32 GB  ,  256 GB,yes,6.22,HD,5,13,4030,1,4.3
SamsungGalaxyC7Pro,NavyBlue,26600,8,4 GB  , 64 GB  ,  256 GB,yes,5.7,FullHDDisplay,16,16,3300,0,4.4
SamsungGalaxyJ8,Gold,14499,27,4 GB  , 64 GB  ,  256 GB,yes,6,HD,16,16 + 5 ,3500,1,4.4
SamsungGalaxyA50,White,18490,11,4 GB  , 64 GB  ,  512 GB,yes,6.4,FHD,25,25 + 5 + 8 ,4000,1,4.3
SamsungGalaxyA50,Blue,21490,10,6 GB  , 64 GB  ,  512 GB,yes,6.4,FHD,25,25 + 5 + 8 ,4000,1,4.4
SamsungGalaxyA7,Black,15990,28,4 GB  , 64 GB  ,  512 GB,yes,6,FHD,24,24 + 5 + 8 ,3300,1,4.3
SamsungGalaxyA7,Black,19990,18,6 GB  , 128 GB  ,  512 GB,yes,6,FHD,24,24 + 5 + 8 ,3300,1,4.4
SamsungGalaxyA6,Gold,25500,18,4 GB  , 64 GB  ,256GB,yes,5.6,NA,16,16,3000,1,4.4
SamsungGalaxyA30,Red,17500,4,4 GB  , 64 GB  ,  512 GB,yes,6.4,FHD,16,16 + 5 ,4000,1,4.4
SamsungGalaxyA7,Gold,15990,28,4 GB  , 64 GB  ,  512 GB,yes,6,FHD,24,24 + 5 + 8 ,3300,1,4.3
VivoY91i,OceanBlue,7990,20,2 GB  , 32 GB  ,  256 GB,yes,6.22,HD,5,13,4030,1,4.3
Redmi5,LakeBlue,7999,20,3 GB  , 32 GB  ,  128 GB,yes,5.7,HD,5,12,3300,1,4.3
MicromaxSparkGo,RoseGold,3499,30,1 GB  , 8 GB  ,  32 GB,yes,5,NA,2,5,2000,1,4.1
MicromaxSparkGo,Silver,3499,30,1 GB  , 8 GB  ,  32 GB,yes,5,NA,2,5,2000,1,4.1
Nokia1,DarkBlue,4245,3,1 GB  , 8 GB  ,  128 GB,yes,4.5,NA,2,5,2150,0,4
MobiistarC1Lite,Gold,3849,3,1 GB  , 8 GB  ,  128 GB,yes,5.34,NA,5,5,2700,0,4.1
LavaZ50,Gold,3999,3,1 GB  , 8 GB  ,32GB,yes,4.5,FWVGADisplay,5,5,2000,0,3.7
PanasonicP110,Red,3999,46,1 GB  , 16 GB  ,  64 GB,yes,5.34,FWVGA,5,5,2300,1,4
LavaZ50,Black,3999,33,1 GB  , 8 GB  ,  64 GB,yes,4.5,FWVGADisplay,5,5,2000,0,3.7
STKAcePlus,Black,3988,33,2 GB  , 16 GB  ,  32 GB,yes,5.5,HDDisplay,5,13,2800,1,3.7
CoolpadMega5M,SkyBlue,3699,33,1 GB  , 16 GB  ,  32 GB,yes,5,HDDisplay,2,5,2000,0,3.5
ReachAllureAdmire4GVoLTE,Champagne,3249,1,1 GB  , 8 GB  ,  32 GB,yes,4.5,FWVGADisplay,2,8,1800,0,3
MicromaxBharat4DiwaliEdition,Red,4199,16,1 GB  , 8 GB  ,  32 GB,yes,5,FWVGADisplay,2,5,2000,1,3.8
KarbonnK9Smart4G,BlackSandstone/BlackGold,4149,16,1 GB  , 8 GB  ,  8 GB,yes,5,NA,2,5,2300,0,3.6
OPPOA1K,Black,7990,27,2 GB  , 32 GB  ,  256 GB,yes,6.1,NA,5,8,4000,1,4.4
LenovoK8Plus,FineGold,7999,20,3 GB  , 32 GB  ,  128 GB,yes,5.2,FullHDDisplay,8,13 + 5 ,4000,1,4.1
LenovoP2,Gold,16999,20,3 GB  , 32 GB  ,  128 GB,yes,5.5,FullHDDisplay,5,13,5100,1,4.3
LenovoK8Note,VenomBlack,9399,6,4 GB  , 64 GB  ,  128 GB,yes,5.5,FullHDDisplay,13,13 + 5 ,4000,1,4.1
LenovoZ2Plus,Black,15499,6,3 GB  , 32 GB  ,128GB,yes,5,FullHDDisplay,8,13,3500,1,3.9
OPPOA1K,Red,7990,27,2 GB  , 32 GB  ,  256 GB,yes,6.1,NA,5,8,4000,1,4.4
SamsungOn7Pro,Gold,6649,29,2 GB  , 16 GB  ,  256 GB,yes,5.5,NA,5,13,3000,0,4.1
SamsungGalaxyOnNxt,Gold,8990,49,3 GB  , 64 GB  ,  256 GB,yes,5.5,FullHDDisplay,8,13,3300,1,4.3
SamsungGalaxyOnNxt,Black,8990,49,3 GB  , 64 GB  ,  256 GB,yes,5.5,FullHDDisplay,8,13,3300,1,4.3
Realme3,RadiantBlue,8999,18,3 GB  , 32 GB  ,  256 GB,yes,6.22,HD,13,13 + 2 ,4230,1,4.5
Realme3,DynamicBlack,8999,18,3 GB  , 32 GB  ,  256 GB,yes,6.22,HD,13,13 + 2 ,4230,1,4.5
AsusZenfoneMaxProM1,Grey,8499,34,4 GB  , 64 GB  ,  2 TB,yes,5.99,FullHD,8,13 + 5 ,5000,1,4.3
RedmiY2,Blue,7999,23,3 GB  , 32 GB  ,  256 GB,yes,5.99,HD,16,12 + 5 ,3080,1,4.5
RedmiY2,Black,7999,23,3 GB  , 32 GB  ,  256 GB,yes,5.99,HD,16,12 + 5 ,3080,1,4.5
RedmiY2,Gold,7999,23,3 GB  , 32 GB  ,  256 GB,yes,5.99,HD,16,12 + 5 ,3080,1,4.5
Honor9i,GraphiteBlack,8999,55,4 GB  , 64 GB  ,  128 GB,yes,5.9,FullHD,13,16 + 2 ,3340,0,4.3
RealmeC1,MirrorBlack,6999,22,2 GB  , 32 GB  ,  256 GB,yes,6.2,HD,5,13 + 2 ,4230,1,4.4
RealmeC1,MirrorBlack,8499,15,3 GB  , 32 GB  ,  256 GB,yes,6.2,HD,5,13 + 2 ,4230,1,4.4
RealmeC1,NavyBlue,8495,5,2 GB  , 32 GB  ,  256 GB,yes,6.2,HD,5,13 + 2 ,4230,1,4.4
Honor9i,AuroraBlue,8999,55,4 GB  , 64 GB  ,  128 GB,yes,5.9,FullHD,13,16 + 2 ,3340,0,4.3
Honor9N,SapphireBlue,8999,35,3 GB  , 32 GB  ,  256 GB,yes,5.84,NA,16,13 + 2 ,3000,0,4.4
InfinixS4,SpaceGray,8999,10,3 GB  , 32 GB  ,  256 GB,yes,6.21,HD,32,13 + 2 Depth Sensor + 8 Wide Angle sensor ,4000,1,4.2
Honor9N,MidnightBlack,8999,43,4 GB  , 64 GB  ,  256 GB,yes,5.84,NA,16,13 + 2 ,3000,0,4.3
Honor9N,SapphireBlue,8999,43,4 GB  , 64 GB  ,  256 GB,yes,5.84,NA,16,13 + 2 ,3000,0,4.3
VivoY81,Gold,8490,39,3 GB  , 32 GB  ,  256 GB,yes,6.1,HD,5,13,3260,1,4.4
VivoY81,Black,8490,39,3 GB  , 32 GB  ,  256 GB,yes,6.1,HD,5,13,3260,1,4.4
InfinixS4,NebulaBlue,8999,10,3 GB  , 32 GB  ,  256 GB,yes,6.21,HD,32,13 + 2 Depth Sensor + 8 Wide Angle sensor ,4000,1,4.2
InfinixS4,TwilightPurple,8999,10,3 GB  , 32 GB  ,  256 GB,yes,6.21,HD,32,13 + 2 Depth Sensor + 8 Wide Angle sensor ,4000,1,4.2
Honor9Lite,MidnightBlack,8999,35,3 GB  , 32 GB  ,  256 GB,yes,5.65,FHD,13,13 + 2 ,3000,0,4.3
SamsungGalaxyA10,Blue,7990,8,2 GB  , 32 GB  ,  512 GB,yes,6.2,HD,5,13,3400,1,4.3
MotoE5Plus,FineGold,7999,33,3 GB  , 32 GB  ,  128 GB,yes,6,HD,5,12,5000,0,4.2
RedmiNote7S,SapphireBlue,10999,8,3 GB  , 32 GB  ,  256 GB,yes,6.3,FHD,13,48 + 5 ,4000,1,4.4
Realme3,DynamicBlack,10999,15,4 GB  , 64 GB  ,  256 GB,yes,6.22,HD,13,13 + 2 ,4230,1,4.4
Realme3,RadiantBlue,10999,15,4 GB  , 64 GB  ,  256 GB,yes,6.22,HD,13,13 + 2 ,4230,1,4.4
Realme3,RadiantBlue,9999,16,3 GB  , 64 GB  ,  256 GB,yes,6.22,HD,13,13 + 2 ,4230,1,4.5
RedmiY2,Blue,7999,23,3 GB  , 32 GB  ,  256 GB,yes,5.99,HD,16,12 + 5 ,3080,1,4.5
RedmiNote7S,OnyxBlack,10999,8,3 GB  , 32 GB  ,  256 GB,yes,6.3,FHD,13,48 + 5 ,4000,1,4.4
RedmiNote7,SapphireBlue,9999,23,3 GB  , 32 GB  ,  256 GB,yes,6.3,FHD,13,12 + 2 ,4000,1,4.4
RedmiY2,Black,7999,23,3 GB  , 32 GB  ,  256 GB,yes,5.99,HD,16,12 + 5 ,3080,1,4.5
RedmiNote7S,RubyRed,10999,8,3 GB  , 32 GB  ,  256 GB,yes,6.3,FHD,13,48 + 5 ,4000,1,4.4
RedmiY2,Gold,7999,23,3 GB  , 32 GB  ,  256 GB,yes,5.99,HD,16,12 + 5 ,3080,1,4.5
Honor9i,GraphiteBlack,8999,55,4 GB  , 64 GB  ,  128 GB,yes,5.9,FullHD,13,16 + 2 ,3340,0,4.3
Realme2Pro,BlackSea,10490,25,4 GB  , 64 GB  ,  256 GB,yes,6.3,FHD,16,16 + 2 ,3500,1,4.5
VivoY81,Gold,8490,39,3 GB  , 32 GB  ,  256 GB,yes,6.1,HD,5,13,3260,1,4.4
VivoY81,Black,8490,39,3 GB  , 32 GB  ,  256 GB,yes,6.1,HD,5,13,3260,1,4.4
SamsungGalaxyJ6,Blue,9490,26,4 GB  , 64 GB  ,  256 GB,yes,5.6,HD,8,13,3000,1,4.5
VivoY93,NebulaPurple,10990,26,3 GB  , 64 GB  ,  256 GB,yes,6.22,HD,8,13 + 2 ,4030,1,4.4
Honor9N,SapphireBlue,10999,45,4 GB  , 128 GB  ,  256 GB,yes,5.84,NA,16,13 + 2 ,3000,0,4.3
Honor9N,MidnightBlack,10999,45,4 GB  , 128 GB  ,  256 GB,yes,5.84,NA,16,13 + 2 ,3000,0,4.3
SamsungGalaxyA10,Blue,7990,8,2 GB  , 32 GB  ,  512 GB,yes,6.2,HD,5,13,3400,1,4.3
MotoE5Plus,FineGold,7999,33,3 GB  , 32 GB  ,  128 GB,yes,6,HD,5,12,5000,0,4.2
SamsungGalaxyJ6,Black,9490,26,4 GB  , 64 GB  ,  256 GB,yes,5.6,HD,8,13,3000,1,4.5
OPPOA3s,Purple,10990,21,4 GB  , 64 GB  ,  256 GB,yes,6.2,HD,8,13 + 2 ,4230,1,4.3
OPPOA3s,Red,10990,21,4 GB  , 64 GB  ,  256 GB,yes,6.2,HD,8,13 + 2 ,4230,1,4.3
VivoY91,NebulaPurple,9990,9,3 GB  , 32 GB  ,  256 GB,yes,6.22,HD,8,13 + 2 ,4030,1,4.4
Realme3,DynamicBlack,10999,15,4 GB  , 64 GB  ,  256 GB,yes,6.22,HD,13,13 + 2 ,4230,1,4.4
Realme3,RadiantBlue,10999,15,4 GB  , 64 GB  ,  256 GB,yes,6.22,HD,13,13 + 2 ,4230,1,4.4
Realme3,RadiantBlue,9999,16,3 GB  , 64 GB  ,  256 GB,yes,6.22,HD,13,13 + 2 ,4230,1,4.5
RedmiNote7S,SapphireBlue,10999,8,3 GB  , 32 GB  ,  256 GB,yes,6.3,FHD,13,48 + 5 ,4000,1,4.4
RedmiNote7S,OnyxBlack,10999,8,3 GB  , 32 GB  ,  256 GB,yes,6.3,FHD,13,48 + 5 ,4000,1,4.4
RedmiY2,Blue,7999,23,3 GB  , 32 GB  ,  256 GB,yes,5.99,HD,16,12 + 5 ,3080,1,4.5
RedmiY2,Black,7999,23,3 GB  , 32 GB  ,  256 GB,yes,5.99,HD,16,12 + 5 ,3080,1,4.5
RedmiNote7,SapphireBlue,9999,23,3 GB  , 32 GB  ,  256 GB,yes,6.3,FHD,13,12 + 2 ,4000,1,4.4
RedmiNote6Pro,Black,11999,25,4 GB  , 64 GB  ,  256 GB,yes,6.26,FHD,20,12 + 5 ,4000,1,4.5
RedmiNote7S,RubyRed,10999,8,3 GB  , 32 GB  ,  256 GB,yes,6.3,FHD,13,48 + 5 ,4000,1,4.4
RedmiY2,Gold,7999,23,3 GB  , 32 GB  ,  256 GB,yes,5.99,HD,16,12 + 5 ,3080,1,4.5
Honor9i,GraphiteBlack,8999,55,4 GB  , 64 GB  ,  128 GB,yes,5.9,FullHD,13,16 + 2 ,3340,0,4.3
RedmiNote5Pro,Gold,11999,29,6 GB  , 64 GB  ,  128 GB,yes,5.99,FullHD,20,12 + 5 ,4000,1,4.5
Honor9i,AuroraBlue,8999,55,4 GB  , 64 GB  ,  128 GB,yes,5.9,FullHD,13,16 + 2 ,3340,0,4.3
Realme2Pro,BlackSea,10490,25,4 GB  , 64 GB  ,  256 GB,yes,6.3,FHD,16,16 + 2 ,3500,1,4.5
SamsungGalaxyJ6,Blue,9490,26,4 GB  , 64 GB  ,  256 GB,yes,5.6,HD,8,13,3000,1,4.5
VivoY81,Gold,8490,39,3 GB  , 32 GB  ,  256 GB,yes,6.1,HD,5,13,3260,1,4.4
VivoY81,Black,8490,39,3 GB  , 32 GB  ,  256 GB,yes,6.1,HD,5,13,3260,1,4.4
RedmiNote7,OnyxBlack,9999,23,3 GB  , 32 GB  ,  256 GB,yes,6.3,FHD,13,12 + 2 ,4000,1,4.4
RedmiNote6Pro,Blue,11999,25,4 GB  , 64 GB  ,  256 GB,yes,6.26,FHD,20,12 + 5 ,4000,1,4.5
VivoY93,NebulaPurple,10990,26,3 GB  , 64 GB  ,  256 GB,yes,6.22,HD,8,13 + 2 ,4030,1,4.4
Honor9N,SapphireBlue,10999,45,4 GB  , 128 GB  ,  256 GB,yes,5.84,NA,16,13 + 2 ,3000,0,4.3
Honor9N,MidnightBlack,10999,45,4 GB  , 128 GB  ,  256 GB,yes,5.84,NA,16,13 + 2 ,3000,0,4.3
SamsungGalaxyA10,Blue,7990,8,2 GB  , 32 GB  ,  512 GB,yes,6.2,HD,5,13,3400,1,4.3
RedmiNote7Pro,NeptuneBlue,16999,5,6 GB  , 128 GB  ,  256 GB,yes,6.3,FHD,13,48 + 5 ,4000,1,4.5
RedmiNote7Pro,SpaceBlack,16999,5,6 GB  , 128 GB  ,  256 GB,yes,6.3,FHD,13,48 + 5 ,4000,1,4.5
Realme3Pro,LightningPurple,15999,11,6 GB  , 64 GB  ,  256 GB,yes,6.3,FHD,25,16 + 5 ,4045,1,4.5
Realme3Pro,LightningPurple,16999,15,6 GB  , 128 GB  ,  256 GB,yes,6.3,FHD,25,16 + 5 ,4045,1,4.5
Realme3Pro,NitroBlue,15999,11,6 GB  , 64 GB  ,  256 GB,yes,6.3,FHD,25,16 + 5 ,4045,1,4.5
RedmiNote7Pro,NebulaRed,16999,5,6 GB  , 128 GB  ,  256 GB,yes,6.3,FHD,13,48 + 5 ,4000,1,4.5
VivoY17,MysticPurple,15990,15,4 GB  , 128 GB  ,  256 GB,yes,6.35,HD,8,13 + 2,5000,1,4.3
VivoY17,MineralBlue,15990,15,4 GB  , 128 GB  ,  256 GB,yes,6.35,HD,8,13 + 2,5000,1,4.3
VivoV15,AquaBlue,19990,25,6 GB  , 64 GB  ,  256 GB,yes,6.53,FHD,32,12 (24 Million Photosensitive Units) + 8 + 5 5 + 8 ,4000,1,4.4
SamsungGalaxyA30,Blue,15490,13,4 GB  , 64 GB  ,  512 GB,yes,6.4,FHD,16,16 + 5 ,4000,1,4.4
OPPOF9Pro,StarryPurple,17990,30,6 GB  , 64 GB  ,  256 GB,yes,6.3,FullHDDisplay,25,16 + 2 ,3500,1,4.5
OPPOF9Pro,SunriseRed,17990,30,6 GB  , 64 GB  ,  256 GB,yes,6.3,FullHDDisplay,25,16 + 2 ,3500,1,4.5
OPPOF9Pro,TwilightBlue,17990,30,6 GB  , 64 GB  ,  256 GB,yes,6.3,FullHDDisplay,25,16 + 2 ,3500,1,4.5
OPPOA7,GlaringGold,13990,26,4 GB  , 64 GB  ,  256 GB,yes,6.2,HD,16,13 + 2 ,4230,1,4.4
Honor8X,Black,18599,2,6 GB  , 128 GB  ,  256 GB,yes,6.5,NA,16,20 + 2 ,3750,0,4.4
Honor8X,Blue,18450,2,6 GB  , 128 GB  ,  256 GB,yes,6.5,NA,16,20 + 2 ,3750,0,4.4
VivoY95,NebulaPurple,13990,26,4 GB  , 64 GB  ,  256 GB,yes,6.22,HD,20,13 + 2 ,4030,1,4.4
VivoY95,StarryBlack,13990,26,4 GB  , 64 GB  ,  256 GB,yes,6.22,HD,20,13 + 2 ,4030,1,4.4
POCOF1byXiaomi,GraphiteBlack,17999,18,6 GB  , 64 GB  ,  256 GB,yes,6.18,FHD,20,12 + 5 ,4000,1,4.6
Honor9i,GraphiteBlack,8999,55,4 GB  , 64 GB  ,  128 GB,yes,5.9,FullHD,13,16 + 2 ,3340,0,4.3
OPPOF11,FluoritePurple,17990,18,4 GB  , 128 GB  ,  256 GB,yes,6.53,NA,16,48 + 5 ,4020,1,4.4
OPPOF11,MarbleGreen,17990,18,4 GB  , 128 GB  ,  256 GB,yes,6.53,NA,16,48 + 5 ,4020,1,4.4
RedmiNote5Pro,Gold,11999,29,6 GB  , 64 GB  ,  128 GB,yes,5.99,FullHD,20,12 + 5 ,4000,1,4.5
Honor9i,AuroraBlue,8999,55,4 GB  , 64 GB  ,  128 GB,yes,5.9,FullHD,13,16 + 2 ,3340,0,4.3
SamsungGalaxyJ6,Blue,9490,26,4 GB  , 64 GB  ,  256 GB,yes,5.6,HD,8,13,3000,1,4.5
OPPOF11Pro,AuroraGreen,20990,27,6 GB  , 64 GB  ,  256 GB,yes,6.5,FHD,16,48 + 5 ,4000,1,4.5
VivoY81,Gold,8490,39,3 GB  , 32 GB  ,  256 GB,yes,6.1,HD,5,13,3260,1,4.4
Honor9i,GraphiteBlack,8999,55,4 GB  , 64 GB  ,  128 GB,yes,5.9,FullHD,13,16 + 2 ,3340,0,4.3
OPPOF11,FluoritePurple,17990,18,4 GB  , 128 GB  ,  256 GB,yes,6.53,NA,16,48 + 5 ,4020,1,4.4
OPPOF11,MarbleGreen,17990,18,4 GB  , 128 GB  ,  256 GB,yes,6.53,NA,16,48 + 5 ,4020,1,4.4
OPPOF11Pro,AuroraGreen,23990,20,6 GB  , 128 GB  ,  256 GB,yes,6.5,FHD,16,48 + 5 ,4000,1,4.5
OPPOF11Pro,ThunderBlack,23990,20,6 GB  , 128 GB  ,  256 GB,yes,6.5,FHD,16,48 + 5 ,4000,1,4.5
Honor9i,AuroraBlue,8999,55,4 GB  , 64 GB  ,  128 GB,yes,5.9,FullHD,13,16 + 2 ,3340,0,4.3
OPPOF11Pro,AuroraGreen,20990,27,6 GB  , 64 GB  ,  256 GB,yes,6.5,FHD,16,48 + 5 ,4000,1,4.5
OPPOF11Pro,ThunderBlack,20990,27,6 GB  , 64 GB  ,  256 GB,yes,6.5,FHD,16,48 + 5 ,4000,1,4.5
POCOF1byXiaomi,SteelBlue,20999,16,6 GB  , 128 GB  ,  256 GB,yes,6.18,FHD,20,12 + 5 ,4000,1,4.6
OPPOK1,PianoBlack,14990,21,4 GB  , 64 GB  ,  256 GB,yes,6.41,NA,25,16 + 2 ,3600,1,4.4
OPPOK1,AstralBlue,14990,21,4 GB  , 64 GB  ,  256 GB,yes,6.41,NA,25,16 + 2 ,3600,1,4.4
VivoV15,FrozenBlack,19990,25,6 GB  , 64 GB  ,  256 GB,yes,6.53,FHD,32,12 (24 Million Photosensitive Units) + 8 + 5 5 + 8 ,4000,1,4.4
Honor9i,GraphiteBlack,8999,55,4 GB  , 64 GB  ,  128 GB,yes,5.9,FullHD,13,16 + 2 ,3340,0,4.3
Honor9i,AuroraBlue,8999,55,4 GB  , 64 GB  ,  128 GB,yes,5.9,FullHD,13,16 + 2 ,3340,0,4.3
OPPOF11Pro,ThunderBlack,23990,20,6 GB  , 128 GB  ,  256 GB,yes,6.5,FHD,16,48 + 5 ,4000,1,4.5
OPPOF11Pro,AuroraGreen,23990,20,6 GB  , 128 GB  ,  256 GB,yes,6.5,FHD,16,48 + 5 ,4000,1,4.5
OPPOF11,FluoritePurple,17990,18,4 GB  , 128 GB  ,  256 GB,yes,6.53,NA,16,48 + 5 ,4020,1,4.4
OPPOF11,MarbleGreen,17990,18,4 GB  , 128 GB  ,  256 GB,yes,6.53,NA,16,48 + 5 ,4020,1,4.4
POCOF1byXiaomi,SteelBlue,20999,16,6 GB  , 128 GB  ,  256 GB,yes,6.18,FHD,20,12 + 5 ,4000,1,4.6
OPPOF11Pro,ThunderBlack,20990,27,6 GB  , 64 GB  ,  256 GB,yes,6.5,FHD,16,48 + 5 ,4000,1,4.5
OPPOF11Pro,AuroraGreen,20990,27,6 GB  , 64 GB  ,  256 GB,yes,6.5,FHD,16,48 + 5 ,4000,1,4.5
VivoV15,FrozenBlack,19990,25,6 GB  , 64 GB  ,  256 GB,yes,6.53,FHD,32,12 (24 Million Photosensitive Units) + 8 + 5 5 + 8 ,4000,1,4.4
VivoV15,AquaBlue,19990,25,6 GB  , 64 GB  ,  256 GB,yes,6.53,FHD,32,12 (24 Million Photosensitive Units) + 8 + 5 5 + 8 ,4000,1,4.4
OPPOK1,PianoBlack,14990,21,4 GB  , 64 GB  ,  256 GB,yes,6.41,NA,25,16 + 2 ,3600,1,4.4
OPPOK1,AstralBlue,14990,21,4 GB  , 64 GB  ,  256 GB,yes,6.41,NA,25,16 + 2 ,3600,1,4.4
VivoY17,MysticPurple,15990,15,4 GB  , 128 GB  ,  256 GB,yes,6.35,HD,8,13 + 2,5000,1,4.3
VivoY17,MineralBlue,15990,15,4 GB  , 128 GB  ,  256 GB,yes,6.35,HD,8,13 + 2,5000,1,4.3
SamsungGalaxyA30,Blue,15490,13,4 GB  , 64 GB  ,  512 GB,yes,6.4,FHD,16,16 + 5 ,4000,1,4.4
OPPOF9Pro,StarryPurple,17990,30,6 GB  , 64 GB  ,  256 GB,yes,6.3,FullHDDisplay,25,16 + 2 ,3500,1,4.5
OPPOF9Pro,SunriseRed,17990,30,6 GB  , 64 GB  ,  256 GB,yes,6.3,FullHDDisplay,25,16 + 2 ,3500,1,4.5
OPPOF9Pro,TwilightBlue,17990,30,6 GB  , 64 GB  ,  256 GB,yes,6.3,FullHDDisplay,25,16 + 2 ,3500,1,4.5
Honor8X,Black,18599,2,6 GB  , 128 GB  ,  256 GB,yes,6.5,NA,16,20 + 2 ,3750,0,4.4
Honor8X,Blue,18450,2,6 GB  , 128 GB  ,  256 GB,yes,6.5,NA,16,20 + 2 ,3750,0,4.4
VivoV15Pro,TopazBlue,29990,14,8 GB  , 128 GB  ,  256 GB,yes,6.39,FHD,5,48 Million Quad Pixel Sensor (12 Million Effective Pixel) + 8 + 5,3700,1,4.6
OPPOA7,GlaringGold,13990,26,4 GB  , 64 GB  ,  256 GB,yes,6.2,HD,16,13 + 2 ,4230,1,4.4
POCOF1byXiaomi,GraphiteBlack,27999,9,8 GB  , 256 GB  ,  256 GB,yes,6.18,FHD,20,12 + 5 ,4000,1,4.6
NubiaRedMagic3,Black,35999,7,8 GB  , 128 GB  ,256GB,yes,6.6,FullHDDisplay,16,48,5000,1,5
NubiaRedMagic3,Red,35999,7,8 GB  , 128 GB  ,257GB,yes,6.6,FullHDDisplay,16,48,5000,1,5
VivoV15Pro,TopazBlue,29990,14,8 GB  , 128 GB  ,  256 GB,yes,6.39,FHD,5,48 Million Quad Pixel Sensor (12 Million Effective Pixel) + 8 + 5,3700,1,4.6
GooglePixel3a,JustBlack,39999,11,4 GB  , 64 GB  ,128GB,yes,5.6,FHD,8,12.2,3000,1,4.5
SamsungGalaxyA8Star,Black,18899,47,6 GB  , 64 GB  ,128GB,yes,6.3,NA,8,24,3700,0,4.3
BlackShark2,ShadowBlack,39999,13,6 GB  , 128 GB  ,256GB,yes,6.39,NA,20,48 + 12 ,4000,1,4.7
AppleiPhone6sPlus,Silver,39990,6,16 GB  ,64GB,128GB,yes,5.5,RetinaHDDisplay,20,12,4000,1,4.3
AppleiPhone6sPlus,Gold,39990,6,32 GB  ,64GB,128GB,yes,5.5,RetinaHDDisplay,20,12,4000,1,4.4
SamsungGalaxyA30,Blue,15490,13,4 GB  , 64 GB  ,  512 GB,yes,6.4,FHD,16,16 + 5 ,4000,1,4.4
SamsungGalaxyA30,Black,15490,13,4 GB  , 64 GB  ,  512 GB,yes,6.4,FHD,16,16 + 5 ,4000,1,4.4
SamsungGalaxyM30,GradationBlack,15690,4,4 GB  , 64 GB  ,256GB,yes,6.4,NA,16,13,5000,0,4.4
SamsungGalaxyA8Star,Black,18899,47,6 GB  , 64 GB  ,256GB,yes,6.3,NA,16,24,3700,0,4.3
SamsungGalaxyM30,GradationBlue,16299,1,4 GB  , 64 GB  ,256GB,yes,6.4,NA,16,13,5000,0,4.4
AppleiPhone6s,SpaceGrey,29529,6,32 GB  ,64GB,128GB,yes,4.7,RetinaHDDisplay,20,12,4000,1,4.5
VivoV15Pro,TopazBlue,26990,18,6 GB  , 128 GB  ,  256 GB,yes,6.39,FHD,5,48 Million Quad Pixel Sensor (12 Million Effective Pixel) + 8 + 5,3700,1,4.5
VivoV15Pro,RubyRed,29990,14,8 GB  , 128 GB  ,  256 GB,yes,6.39,FHD,5,48 Million Quad Pixel Sensor (12 Million Effective Pixel) + 8 + 5,3700,1,4.6
GooglePixel3a,ClearlyWhite,39999,11,4 GB  , 64 GB  ,128GB,yes,5.6,FHD,8,12.2,3000,1,4.5
SamsungGalaxyNote8,OrchidGrey,36990,50,6 GB  , 64 GB  ,  256 GB,yes,6.3,QuadHD,8,12 + 12 ,3300,0,4.6
HTCU11,SolarRed,39999,25,6 GB  , 128 GB  ,256GB,yes,5.5,QuadHDDisplay,16,12,3000,1,4.6
HuaweiP9,TitaniumGrey,39999,25,3 GB  , 32 GB  ,  128 GB,yes,5.2,FullHDDisplay,8,12 + 12 ,3000,1,4.5
SamsungGalaxyA9,LemonadeBlue,30100,14,6 GB  , 128 GB  ,  512 GB,yes,6.3,FHD,24,24 + 5 + 10 +8 ,3800,1,4.4
SamsungGalaxyA8Plus,Gold,19960,28,6 GB  , 64 GB  ,128GB,yes,6,NA,24,16,3500,0,4.3
MotoZwithStyleMod,Black,39999,28,4 GB  , 64 GB  ,  2 TB,yes,5.5,QuadHDDisplay,5,13,2600,1,4.1
SamsungGalaxyJ8,Blue,14990,11,4 GB  , 64 GB  ,  256 GB,yes,6,HD,16,16 + 5 ,3500,1,4.4
SamsungGalaxyJ6Plus,Black,12990,5,4 GB  , 64 GB  ,  512 GB,yes,6,HD,8,13 + 5 ,3300,1,4.3
SamsungGalaxyJ8,Black,14990,11,4 GB  , 64 GB  ,  256 GB,yes,6,HD,16,16 + 5 ,3500,1,4.4
SamsungGalaxyJ6Plus,Red,12990,5,4 GB  , 64 GB  ,  512 GB,yes,6,HD,8,13 + 5 ,3300,1,4.3
SamsungGalaxyJ6,Black,10490,8,3 GB  , 32 GB  ,  256 GB,yes,5.6,HD,8,13,3000,1,4.4
LenovoA5,Black,5999,14,2 GB  , 16 GB  ,  256 GB,yes,5.45,HD,8,13,4000,1,4.1
LenovoA5,Gold,6999,12,3 GB  , 32 GB  ,  256 GB,yes,5.45,HD,8,13,4000,1,4
LenovoPhab2Plus,GunmetalGrey,14990,12,3 GB  , 32 GB  ,  128 GB,yes,6.4,FullHDDisplay,8,13 + 13 ,4050,1,4
LenovoK8Plus,VenomBlack,7999,20,3 GB  , 32 GB  ,  128 GB,yes,5.2,FullHDDisplay,8,13 + 5 ,4000,1,4.1
LenovoK9,Black,7999,20,3 GB  , 32 GB  ,  256 GB,yes,5.7,HD,13,13 + 5 ,3000,1,4.1
LenovoK9Note,Black,9999,16,4 GB  , 64 GB  ,  256 GB,yes,5.99,HD,8,16 + 2 ,3760,1,4.3
LenovoK8Plus,FineGold,7999,20,3 GB  , 32 GB  ,  128 GB,yes,5.2,FullHDDisplay,8,13 + 5 ,4000,1,4.1
LenovoA5,Gold,5999,14,2 GB  , 16 GB  ,  256 GB,yes,5.45,HD,8,13,4000,1,4.1
LenovoK9Note,Gold,9999,16,4 GB  , 64 GB  ,  256 GB,yes,5.99,HD,8,16 + 2 ,3760,1,4.3
SamsungGalaxyJ6Plus,Blue,12990,5,4 GB  , 64 GB  ,  512 GB,yes,6,HD,8,13 + 5 ,3300,1,4.3
SamsungGalaxyJ6,Blue,10490,8,3 GB  , 32 GB  ,  256 GB,yes,5.6,HD,8,13,3000,1,4.4
MotoZwithStyleMod,White,39999,28,4 GB  , 64 GB  ,  2 TB,yes,5.5,QuadHDDisplay,5,13,2600,1,4.1
HuaweiP9,PrestigeGold,39999,28,3 GB  , 32 GB  ,  128 GB,yes,5.2,FullHDDisplay,8,12 + 12 ,3000,1,4.5
HuaweiP9,MysticSilver,39999,28,3 GB  , 32 GB  ,  128 GB,yes,5.2,FullHDDisplay,8,12 + 12 ,3000,1,4.5
OPPOR17Pro,RadiantMist,29990,40,8 GB  , 128 GB  ,256GB,yes,6.4,NA,25,12 + 20 ,3700,1,4.4
SamsungGalaxyNote8,MidnightBlack,36990,50,6 GB  , 64 GB  ,  256 GB,yes,6.3,QuadHD,8,12 + 12 ,3300,0,4.6
SamsungGalaxyNote8,MapleGold,36990,50,6 GB  , 64 GB  ,  256 GB,yes,6.3,QuadHD,8,12 + 12 ,3300,0,4.6
OPPOF11Pro,ThunderBlack,20990,27,6 GB  , 64 GB  ,  256 GB,yes,6.5,FHD,16,48 + 5 ,4000,1,4.5
OPPOR17Pro,EmeraldGreen,29990,40,8 GB  , 128 GB  ,256GB,yes,6.4,NA,25,12 + 20 ,3700,1,4.4
VivoV15Pro,TopazBlue,29990,14,8 GB  , 128 GB  ,  256 GB,yes,6.39,FHD,5,48 Million Quad Pixel Sensor (12 Million Effective Pixel) + 8 + 5,3700,1,4.6
AppleiPhone6s,RoseGold,29799,14,32 GB  ,NA,  256 GB,yes,4.7,RetinaHDDisplay,5,12,3700,1,4.5
AppleiPhone6sPlus,SpaceGrey,34900,14,32 GB  ,NA,  256 GB,yes,5.5,RetinaHDDisplay,5,12,3700,1,4.5
AppleiPhone6s,Silver,29799,14,32 GB  ,NA,  256 GB,yes,4.7,RetinaHDDisplay,5,12,3700,1,4.5
AppleiPhone6s,Gold,29799,14,32 GB  ,NA,  256 GB,yes,4.7,RetinaHDDisplay,5,12,3700,1,4.5
SamsungGalaxyA8Star,Black,18899,47,6 GB  , 64 GB  ,128GB,yes,6.3,NA,5,24,3700,0,4.3
BlackberryEvolve,Black,18600,37,4 GB  , 64 GB  ,  256 GB,yes,5.99,FullHD,16,13 + 13 ,4000,0,3.8
AppleiPhone6sPlus,RoseGold,34900,37,32 GB  ,NA,  256 GB,yes,5.5,RetinaHDDisplay,16,12,4000,1,4.5
AppleiPhone6s,SpaceGrey,29529,37,32 GB  ,NA,  256 GB,yes,4.7,RetinaHDDisplay,16,12,4000,1,4.5
MotoTurbo,Black,31999,37,3 GB  , 64 GB  ,128GB,yes,5.2,QuadHDDisplay,2,21,3900,1,4.2
VivoV15Pro,TopazBlue,26990,18,6 GB  , 128 GB  ,  256 GB,yes,6.39,FHD,5,48 Million Quad Pixel Sensor (12 Million Effective Pixel) + 8 + 5,3700,1,4.5
SamsungGalaxyA70,Black,28990,6,6 GB  , 128 GB  ,  512 GB,yes,6.7,FHD,32,32 + 5 + 8 ,4500,1,4.4
VivoV15Pro,RubyRed,26990,18,6 GB  , 128 GB  ,  256 GB,yes,6.39,FHD,5,48 Million Quad Pixel Sensor (12 Million Effective Pixel) + 8 + 5,3700,1,4.5
SamsungGalaxyA70,White,28990,6,6 GB  , 128 GB  ,  512 GB,yes,6.7,FHD,32,32 + 5 + 8 ,4500,1,4.4
SamsungGalaxyA9,LemonadeBlue,30100,14,6 GB  , 128 GB  ,512GB,yes,6.3,FHD,24,24 + 5 + 10 +8 ,3800,1,4.4
SamsungGalaxyA8Plus,Gold,19960,28,6 GB  , 64 GB  ,128GB,yes,6,NA,24,16,3500,0,4.3
Nokia8.1,Iron,24499,23,6 GB  , 128 GB  ,256GB,yes,6.18,FullHD,20,12 + 13 ,3500,0,4.6
LYFC459,Black,3799,37,1 GB  , 8 GB  ,  128 GB,yes,4.5,FWVGADisplay,2,5,2000,1,3.5
LYFWaterF1,Black,7399,37,3 GB  , 32 GB  ,64GB,yes,5.5,NA,8,16,3200,0,3.8
LYFC459,Black,3799,25,1 GB  , 8 GB  ,  128 GB,yes,4.5,FWVGADisplay,2,5,2000,0,3.5
LYFC459,Blue,3699,25,1 GB  , 8 GB  ,  128 GB,yes,4.5,FWVGADisplay,2,8,2000,0,3.5
LYFWind1,Black,4999,25,1 GB  , 16 GB  ,  32 GB,yes,5,HDDisplay,5,8,2300,0,3.3
Asus6Z,Black,31999,11,6 GB  , 64 GB  ,  2 TB,yes,6.39,FHD,48,48 + 13 ,5000,1,4.6
SamsungGalaxyJ6,Blue,9490,26,4 GB  , 64 GB  ,  256 GB,yes,5.6,HD,8,13,3000,1,4.5
SamsungGalaxyJ6,Black,9490,26,4 GB  , 64 GB  ,  256 GB,yes,5.6,HD,8,13,3000,1,4.5
SamsungGalaxyJ6,Gold,9490,26,4 GB  , 64 GB  ,  256 GB,yes,5.6,HD,8,13,3000,1,4.5
LenovoA5,Black,6999,12,3 GB  , 32 GB  ,  256 GB,yes,5.45,HD,8,13,4000,1,4
LenovoK9,Blue,7999,20,3 GB  , 32 GB  ,  256 GB,yes,5.7,HD,13,13 + 5 ,3000,1,4.1
LenovoPhab2Plus,ChampagneGold,9999,20,3 GB  , 32 GB  ,  128 GB,yes,6.4,FullHDDisplay,8,13 + 13 ,4050,1,4
LenovoVibeZ2Pro,StarryNightBlack,29999,20,3 GB  , 32 GB  ,  128 GB,yes,6,QuadHDDisplay,5,16,4000,0,4
LenovoK8,FineGold,7953,20,3 GB  , 32 GB  ,  128 GB,yes,5.2,HDDisplay,8,13,4000,1,4.1
LenovoVibeP1Turbo,Silver,8399,18,3 GB  , 32 GB  ,  128 GB,yes,5.5,FullHDDisplay,5,13,4900,1,3.7
LenovoS930,Silver,13604,18,1 GB  , 8 GB  ,  32 GB,yes,6,HDDisplay,1,8,3000,0,4.2
LenovoA7000,White,7999,27,2 GB  , 8 GB  ,  32 GB,yes,5.5,HDDisplay,5,8,2900,1,4
LenovoK8,VenomBlack,7999,11,3 GB  , 32 GB  ,  128 GB,yes,5.2,HDDisplay,8,13,4000,1,4.1
SamsungGalaxyA9,CaviarBlack,32900,17,8 GB  , 128 GB  ,  512 GB,yes,6.3,FHD,24,24 + 5 + 10 +8 ,3800,1,4.3
SamsungGalaxyA70,Blue,28990,6,6 GB  , 128 GB  ,  512 GB,yes,6.7,FHD,32,32 + 5 + 8 ,4500,1,4.4
Honor20,SapphireBlue,32999,8,6 GB  , 128 GB  ,256GB,yes,6.26,NA,32,48 + 16 + 2 + 2 ,3750,1,3.9
Honor20,MidnightBlack,32999,8,6 GB  , 128 GB  ,256GB,yes,6.26,NA,32,48 + 16 + 2 + 2 ,3750,1,3.9
MicromaxSparkGo,RoseGold,3499,30,1 GB  , 8 GB  ,  32 GB,yes,5,NA,2,5,2000,1,4.1
MicromaxSparkGo,Silver,3499,30,1 GB  , 8 GB  ,  32 GB,yes,5,NA,2,5,2000,1,4.1
SamsungGalaxyA2Core,Blue,5290,10,1 GB  , 16 GB  ,  256 GB,yes,5,QuadHDDisplay,5,5,2600,1,4.2
GioneeF205,BlackandGold,4990,41,2 GB  , 16 GB  ,  256 GB,yes,5.45,HD,5,8,2670,1,4.1
Nokia1,DarkBlue,4245,3,1 GB  , 8 GB  ,  128 GB,yes,4.5,NA,2,5,2150,0,4
AppleiPhone6sPlus,SpaceGrey,34900,3,32 GB  ,64GB,  128 GB,yes,5.5,RetinaHDDisplay,2,12,3000,1,4.5
SamsungGalaxyA2Core,DarkGray,5290,10,1 GB  , 16 GB  ,  256 GB,yes,5,QuadHDDisplay,5,5,2600,1,4.2
MobiistarC1Lite,Gold,3849,3,1 GB  , 8 GB  ,  128 GB,yes,5.34,NA,5,5,2700,0,4.1
Nokia1,WarmRed,4290,3,1 GB  , 8 GB  ,32GB,yes,4.5,NA,5,5,2150,0,4
LavaZ51,Gold,4499,10,1 GB  , 16 GB  ,  128 GB,yes,5,NA,5,5,2550,1,3.8
SamsungGalaxyA10,Blue,7990,8,2 GB  , 32 GB  ,  512 GB,yes,6.2,HD,5,13,3400,1,4.3
SamsungGalaxyOn8,Blue,11990,40,4 GB  , 64 GB  ,  256 GB,yes,6,HD,16,16 + 5 ,3500,1,4.4
SamsungGalaxyJ6,Black,9490,26,4 GB  , 64 GB  ,  256 GB,yes,5.6,HD,8,13,3000,1,4.5
SamsungGalaxyOn8,Black,11990,40,4 GB  , 64 GB  ,  256 GB,yes,6,HD,16,16 + 5 ,3500,1,4.4
SamsungGalaxyJ6,Gold,9490,26,4 GB  , 64 GB  ,  256 GB,yes,5.6,HD,8,13,3000,1,4.5
SamsungGalaxyA2Core,Gold,5390,8,1 GB  , 16 GB  ,  256 GB,yes,5,QuadHDDisplay,5,5,2600,1,4.2
LYFEarth1,White,19499,25,3 GB  , 32 GB  ,  32 GB,yes,5.5,FullHDDisplay,5,13,3500,0,3.7
LYFWind7i,Black,3999,27,1 GB  , 8 GB  ,  32 GB,yes,5,HDDisplay,5,8,2250,0,3.5
LYFWaterF1S,Black,7450,6,3 GB  , 32 GB  ,  128 GB,yes,5.2,FullHDDisplay,5,16,3000,1,3.8
LYFWater7S,NA,6499,10,3 GB  , 16 GB  ,  64 GB,yes,5.5,FullHDDisplay,5,13,2800,1,3.3
LYFFlame8,Blue,3496,36,1 GB  , 8 GB  ,  128 GB,yes,4.5,FWVGADisplay,5,8,2000,1,3.3
LavaZ50,Gold,3999,8,1 GB  , 8 GB  ,32GB,yes,4.5,FWVGADisplay,5,5,2000,0,3.7
PanasonicP110,Red,3999,46,1 GB  , 16 GB  ,  64 GB,yes,5.34,FWVGA,5,5,2300,1,4
KarbonnAuraSleekPlus,Champagne,4599,10,2 GB  , 16 GB  ,  32 GB,yes,5,HDDisplay,5,8,2000,0,3.7
AppleiPhone6sPlus,Gold,39990,10,32 GB  , 16 GB  ,  32 GB,yes,5.5,RetinaHDDisplay,5,12,3000,1,4.4
GooglePixel3,JustBlack,52499,26,4 GB  , 64 GB  ,  32 GB,yes,5.5,FHD,8,12.2,2915,1,4.6
RealmeC2,DiamondBlack,5999,14,2 GB  , 16 GB  ,  256 GB,yes,6.1,HD,5,13 + 2 ,4000,1,4.5
RealmeC2,DiamondBlue,5999,14,2 GB  , 16 GB  ,  256 GB,yes,6.1,HD,5,13 + 2 ,4000,1,4.5
Realme3,RadiantBlue,10999,15,4 GB  , 64 GB  ,  256 GB,yes,6.22,HD,13,13 + 2 ,4230,1,4.4
Realme3,DynamicBlack,8999,18,3 GB  , 32 GB  ,  256 GB,yes,6.22,HD,13,13 + 2 ,4230,1,4.5
Realme3,DynamicBlack,10999,15,4 GB  , 64 GB  ,  256 GB,yes,6.22,HD,13,13 + 2 ,4230,1,4.4
Realme3,RadiantBlue,8999,18,3 GB  , 32 GB  ,  256 GB,yes,6.22,HD,13,13 + 2 ,4230,1,4.5
Realme3,RadiantBlue,9999,16,3 GB  , 64 GB  ,  256 GB,yes,6.22,HD,13,13 + 2 ,4230,1,4.5
Realme3Pro,LightningPurple,16999,15,6 GB  , 128 GB  ,  256 GB,yes,6.3,FHD,25,16 + 5 ,4045,1,4.5
GooglePixel3,ClearlyWhite,52499,26,4 GB  , 64 GB  ,  32 GB,yes,5.5,FHD,8,12.2,2915,1,4.6
SamsungGalaxyJ6,Blue,9490,26,4 GB  , 64 GB  ,  256 GB,yes,5.6,HD,8,13,3000,1,4.5
SamsungOn7Pro,Gold,6499,10,2 GB  , 16 GB  ,62GB,yes,5.5,NA,8,13,3000,0,4.1
SamsungGalaxyM30,GradationBlack,15690,4,4 GB  , 64 GB  ,128GB,yes,6.4,NA,8,13,5000,0,4.4
SamsungGalaxyM10,CharcoalBlack,9290,4,3 GB  , 32 GB  ,64GB,yes,6.22,NA,8,13,3400,0,4.2
ItelA46,GradationDiamondGrey,4999,16,2 GB  , 16 GB  ,  128 GB,yes,5.45,HD,5,8 + 0.3 ,2350,0,4.3
LavaZ50,Black,3999,33,1 GB  , 8 GB  ,  64 GB,yes,4.5,FWVGADisplay,5,5,2000,0,3.7
SamsungGalaxyJ2Core,Gold,5490,14,1 GB  , 8 GB  ,  256 GB,yes,5,quarterHDDisplay,5,8,2600,1,4.2
STKAcePlus,Black,3988,14,2 GB  , 16 GB  ,  32 GB,yes,5.5,HDDisplay,5,13,2800,1,3.7
LenovoVIBEP1,Grey,8368,53,2 GB  , 32 GB  ,  128 GB,yes,5.5,FullHDDisplay,5,13,4900,1,4.1
LenovoK8Note,FineGold,10990,26,4 GB  , 64 GB  ,  128 GB,yes,5.5,FullHDDisplay,13,13 + 5 ,4000,1,4.1
LenovoK6Note,Gold,12996,13,3 GB  , 32 GB  ,128GB,yes,5.5,FullHDDisplay,13,16,4000,0,4.1
LenovoX2-AP,Gold,11999,31,2 GB  , 32 GB  ,128GB,yes,5,FullHDDisplay,5,13,2300,0,3.7
LenovoPhab2Plus,GunmetalGrey,14990,31,3 GB  , 32 GB  ,  128 GB,yes,6.4,FullHDDisplay,8,13 + 13 ,4050,1,4
LenovoK8Plus,VenomBlack,7999,20,3 GB  , 32 GB  ,  128 GB,yes,5.2,FullHDDisplay,8,13 + 5 ,4000,1,4.1
SamsungGalaxyA30,Blue,15490,13,4 GB  , 64 GB  ,  512 GB,yes,6.4,FHD,16,16 + 5 ,4000,1,4.4
SamsungGalaxyA30,Black,15490,13,4 GB  , 64 GB  ,  512 GB,yes,6.4,FHD,16,16 + 5 ,4000,1,4.4
SamsungGalaxyA20,Black,11490,10,3 GB  , 32 GB  ,  512 GB,yes,6.4,HD,8,13 + 5 ,4000,1,4.3
LavaZ51,SapphireGreen,4499,10,1 GB  , 16 GB  ,  128 GB,yes,5,NA,5,5,2550,1,3.8
SamsungGalaxyA2Core,Blue,5290,10,1 GB  , 16 GB  ,  256 GB,yes,5,QuadHDDisplay,5,5,2600,1,4.2
SamsungGalaxyOn6,Blue,11990,22,4 GB  , 64 GB  ,  256 GB,yes,5.6,HD,8,13,3000,1,4.3
VivoY15,AquaBlue,13990,12,4 GB  , 64 GB  ,  256 GB,yes,6.35,HD,8,13 + 2,5000,1,4.4
VivoY15,BurgundyRed,13990,12,4 GB  , 64 GB  ,  256 GB,yes,6.35,HD,8,13 + 2,5000,1,4.4
VivoY81,Gold,8490,39,3 GB  , 32 GB  ,  256 GB,yes,6.1,HD,5,13,3260,1,4.4
VivoY81,Black,8490,39,3 GB  , 32 GB  ,  256 GB,yes,6.1,HD,5,13,3260,1,4.4
VivoY93,NebulaPurple,10990,26,3 GB  , 64 GB  ,  256 GB,yes,6.22,HD,8,13 + 2 ,4030,1,4.4
VivoV15,FrozenBlack,19990,25,6 GB  , 64 GB  ,  256 GB,yes,6.53,FHD,32,12 (24 Million Photosensitive Units) + 8 + 5 5 + 8 ,4000,1,4.4
Honor8X,Black,18699,3,6 GB  , 128 GB  ,  512 GB,yes,6.5,NA,16,20 + 2 ,3750,0,4.4
Honor8X,Blue,18450,2,6 GB  , 128 GB  ,  512 GB,yes,6.5,NA,16,20 + 2 ,3750,0,4.4
HonorPlay,NavyBlue,13999,36,4 GB  , 64 GB  ,  256 GB,yes,6.3,FHD,16,16 + 2 ,3750,1,4.5
Honor8X,Black,14999,25,6 GB  , 64 GB  ,  256 GB,yes,6.5,FHD,16,20 + 2 ,3750,0,4.4
Honor7A,Black,8999,18,3 GB  , 32 GB  ,  256 GB,yes,5.7,HD,8,13 + 2 ,3000,0,4.3
Honor7A,Blue,8999,18,3 GB  , 32 GB  ,  256 GB,yes,5.7,HD,8,13 + 2 ,3000,0,4.3
Honor8C,Blue,12990,6,4 GB  , 64 GB  ,  256 GB,yes,6.26,HD,8,13 + 2 ,4000,0,4.4
SamsungGalaxyA2Core,DarkGray,5290,10,1 GB  , 16 GB  ,  256 GB,yes,5,QuadHDDisplay,5,5,2600,1,4.2
SamsungGalaxyA8Star,Black,18899,47,6 GB  , 64 GB  ,256GB,yes,6.3,NA,5,24,3700,0,4.3
GooglePixel3,JustBlack,58999,26,4 GB  , 128 GB  ,  32 GB,yes,5.5,FHD,8,12.2,2915,1,4.6
LavaZ60S,Gold,4499,24,1 GB  , 16 GB  ,  64 GB,yes,5,HDDisplay,5,5,2500,0,4
InfinixSmart3Plus,MochaBrown,6999,12,2 GB  , 32 GB  ,  256 GB,yes,6.21,HD,8,13 + 2 + Low Light Sensor ,3500,1,4.2
InfinixSmart2,SandstoneBlack,5999,25,3 GB  , 32 GB  ,  128 GB,yes,5.45,HD,8,13,3050,1,4
InfinixSmart2,SereneGold,5999,25,3 GB  , 32 GB  ,  128 GB,yes,5.45,HD,8,13,3050,1,4
KarbonnK9SmartPlus,Champagne,3849,32,1 GB  , 8 GB  ,  128 GB,yes,5.45,HD,5,5,2800,0,4
FormeN5+SelfiewithWirelessFM,NA,599,32,32 MB  ,64GB,  128 GB,yes,1.8,NA,5,0.8,850,0,3.6
Honor9Lite,MidnightBlack,8999,35,3 GB  , 32 GB  ,  256 GB,yes,5.65,FHD,13,13 + 2 ,3000,0,4.3
Honor9Lite,SapphireBlue,7999,42,3 GB  , 32 GB  ,  256 GB,yes,5.65,FHD,13,13 + 2 ,3000,0,4.3
Honor9N,SapphireBlue,10999,45,4 GB  , 128 GB  ,  256 GB,yes,5.84,NA,16,13 + 2 ,3000,0,4.3
Honor9N,MidnightBlack,10999,45,4 GB  , 128 GB  ,  256 GB,yes,5.84,NA,16,13 + 2 ,3000,0,4.3
Honor10Lite,SapphireBlue,9999,28,3 GB  , 32 GB  ,  512 GB,yes,6.21,FHD,24,13 + 2 ,3400,1,4.3
Honor10Lite,SapphireBlue,11999,29,4 GB  , 64 GB  ,  512 GB,yes,6.21,FHD,24,13 + 2 ,3400,1,4.4
Honor10Lite,MidnightBlack,11999,29,4 GB  , 64 GB  ,  512 GB,yes,6.21,FHD,24,13 + 2 ,3400,1,4.4
Realme3Pro,LightningPurple,15999,11,6 GB  , 64 GB  ,  256 GB,yes,6.3,FHD,25,16 + 5 ,4045,1,4.5
Realme3Pro,LightningPurple,13999,12,4 GB  , 64 GB  ,  256 GB,yes,6.3,FHD,25,16 + 5 ,4045,1,4.5
Realme3Pro,NitroBlue,13999,12,4 GB  , 64 GB  ,  256 GB,yes,6.3,FHD,25,16 + 5 ,4045,1,4.5
Realme3Pro,NitroBlue,15999,11,6 GB  , 64 GB  ,  256 GB,yes,6.3,FHD,25,16 + 5 ,4045,1,4.5
LenovoK8,FineGold,7953,20,3 GB  , 32 GB  ,  128 GB,yes,5.2,HDDisplay,8,13,4000,1,4.1
LenovoVibeP1Turbo,Silver,8399,18,3 GB  , 32 GB  ,  128 GB,yes,5.5,FullHDDisplay,5,13,4900,1,3.7
LenovoS930,Silver,13604,18,1 GB  , 8 GB  ,  32 GB,yes,6,HDDisplay,1,8,3000,0,4.2
LenovoK8,VenomBlack,7999,11,3 GB  , 32 GB  ,  128 GB,yes,5.2,HDDisplay,8,13,4000,1,4.1
LenovoVibeK5Note,Silver,12499,11,4 GB  , 32 GB  ,  128 GB,yes,5.5,FullHDDisplay,8,13,3500,1,4.1
RealmeC2,DiamondBlack,7999,11,3 GB  , 32 GB  ,  256 GB,yes,6.1,HD,5,13 + 2 ,4000,1,4.4
RealmeC2,DiamondBlue,7999,11,3 GB  , 32 GB  ,  256 GB,yes,6.1,HD,5,13 + 2 ,4000,1,4.4
Honor10Lite,SkyBlue,15999,15,6 GB  , 64 GB  ,  512 GB,yes,6.21,FHD,24,13 + 2 ,3400,1,4.4
MicromaxVdeo3,Champagne,3999,30,1 GB  , 8 GB  ,  32 GB,yes,5,HDDisplay,2,5,2000,1,4
MicromaxCanvasTurboMiniA200,White,14999,30,1 GB  , 4 GB  ,  32 GB,yes,4.69,HDDisplay,5,8,1800,0,3.7
MicromaxCanvas2ColorsA120,White.,11999,30,1 GB  , 2.5 GB  ,  32 GB,yes,5,HDDisplay,2,8,2000,0,3.9
MicromaxInfinityN12,Viola,8499,43,3 GB  , 32 GB  ,  128 GB,yes,6.19,HD,16,13 + 5 ,4000,1,4.2
MicromaxBharat5,JetBlack,4999,5,1 GB  , 16 GB  ,  64 GB,yes,5.2,HDDisplay,5,5,5000,0,3.9
MicromaxBharat2Plus,Black,2998,33,1 GB  , 8 GB  ,  32 GB,yes,4,NA,5,5,1600,0,3.6
MicromaxSelfie2Note,ChampagneGold,9999,33,3 GB  , 32 GB  ,  128 GB,yes,5.2,HDDisplay,8,13,3000,0,3.7
Honor10Lite,SapphireBlue,15999,15,6 GB  , 64 GB  ,  512 GB,yes,6.21,FHD,24,13 + 2 ,3400,1,4.4
Honor10Lite,MidnightBlack,9999,28,3 GB  , 32 GB  ,  512 GB,yes,6.21,FHD,24,13 + 2 ,3400,1,4.3
Honor8X,Blue,14999,25,6 GB  , 64 GB  ,  512 GB,yes,6.5,FHD,16,20 + 2 ,3750,0,4.4
SamsungGalaxyOnNxt,Gold,8990,49,3 GB  , 64 GB  ,  256 GB,yes,5.5,FullHDDisplay,8,13,3300,1,4.3
SamsungGalaxyOnNxt,Black,8990,49,3 GB  , 64 GB  ,  256 GB,yes,5.5,FullHDDisplay,8,13,3300,1,4.3
SamsungGalaxyA10,Red,7990,8,2 GB  , 32 GB  ,  512 GB,yes,6.2,HD,5,13,3400,1,4.3
SamsungGalaxyM20,CharcoalBlack,11099,1,3 GB  , 32 GB  ,62GB,yes,6.3,NA,5,13,5000,0,4.2
InfinixSmart2,SandstoneBlack,4499,35,2 GB  , 16 GB  ,  128 GB,yes,5.45,HD,8,13,3050,1,4.1
InfinixSmart2,BordeauxRed,5999,25,3 GB  , 32 GB  ,  128 GB,yes,5.45,HD,8,13,3050,1,4
KarbonnK9Smart4G,BlackSandstone/BlackGold,4149,25,1 GB  , 8 GB  ,  8 GB,yes,5,NA,8,5,2300,0,3.6
KarbonnK9SmartYUVA,Coffee&Champagne,3880,25,1 GB  , 8 GB  ,32GB,yes,5,NA,8,5,2300,0,3.5
InfinixSmart2,CityBlue,5999,25,3 GB  , 32 GB  ,  128 GB,yes,5.45,HD,8,13,3050,1,4
SamsungGalaxyM20,OceanBlue,11275,1,32 GB  , 32 GB  ,62GB,yes,6.3,NA,5,13,5000,0,4
RealmeC1,NavyBlue,8495,5,2 GB  , 32 GB  ,  256 GB,yes,6.2,HD,5,13 + 2 ,4230,1,4.4
MicromaxSparkGo,RoseGold,3499,30,1 GB  , 8 GB  ,  32 GB,yes,5,NA,2,5,2000,1,4.1
VivoY17,MysticPurple,15990,15,4 GB  , 128 GB  ,  256 GB,yes,6.35,HD,8,13 + 2,5000,1,4.3
VivoY17,MineralBlue,15990,15,4 GB  , 128 GB  ,  256 GB,yes,6.35,HD,8,13 + 2,5000,1,4.3
VivoV15,AquaBlue,19990,25,6 GB  , 64 GB  ,  256 GB,yes,6.53,FHD,32,12 (24 Million Photosensitive Units) + 8 + 5 5 + 8 ,4000,1,4.4
VivoY91,NebulaPurple,9990,9,3 GB  , 32 GB  ,  256 GB,yes,6.22,HD,8,13 + 2 ,4030,1,4.4
VivoY93,StarryBlack,10990,26,3 GB  , 64 GB  ,  256 GB,yes,6.22,HD,8,13 + 2 ,4030,1,4.4
VivoY91i,FusionBlack,7990,11,2 GB  , 16 GB  ,  256 GB,yes,6.22,HD,5,13,4030,1,4.3
VivoY91i,OceanBlue,7990,20,2 GB  , 32 GB  ,  256 GB,yes,6.22,HD,5,13,4030,1,4.3
VivoY91i,FusionBlack,7990,20,2 GB  , 32 GB  ,  256 GB,yes,6.22,HD,5,13,4030,1,4.3
MicromaxSparkGo,Silver,3499,30,1 GB  , 8 GB  ,  32 GB,yes,5,NA,2,5,2000,1,4.1
MicromaxBharat5InfinityEdition,RoseGold,4749,32,1 GB  , 16 GB  ,  32 GB,yes,5.45,NA,5,5,5000,1,3.9
MicromaxBharat4DiwaliEdition,Red,4199,16,1 GB  , 8 GB  ,  32 GB,yes,5,FWVGADisplay,2,5,2000,1,3.8
MicromaxBharat5Pro,JetBlack,5499,50,3 GB  , 32 GB  ,  64 GB,yes,5.2,HDDisplay,5,13,5000,1,4
MicromaxCanvas2Plus,JetBlack,6199,8,3 GB  , 32 GB  ,  64 GB,yes,5.7,HD,8,13,4000,0,3.9
SamsungGalaxyJ4Plus,Black,8490,5,2 GB  , 32 GB  ,  512 GB,yes,6,HD,5,13,3300,1,4.3
LenovoK8Note,VenomBlack,8999,2,3 GB  , 32 GB  ,128GB,yes,5.5,FullHDDisplay,13,13 + 5 ,4000,0,4.1
LenovoK8Plus,VenomBlack,11999,2,4 GB  , 32 GB  ,  128 GB,yes,5.2,FullHDDisplay,8,13 + 5 ,4000,1,4.1
LenovoK8Note,FineGold,8749,9,3 GB  , 32 GB  ,128GB,yes,5.5,FullHDDisplay,13,13 + 5 ,4000,0,4.1
LenovoP2,GREY/GRAPHITEGREY,11849,34,4 GB  , 32 GB  ,  128 GB,yes,5.5,FullHDDisplay,5,13,5100,1,4.3
LenovoK6Note,Golden,10999,31,4 GB  , 32 GB  ,  128 GB,yes,5.5,NA,8,16,4000,0,4
Honor9N,MidnightBlack,8999,43,4 GB  , 64 GB  ,  256 GB,yes,5.84es,NA,16,13 + 2 ,3000,0,4.3
Honor9N,SapphireBlue,8999,43,4 GB  , 64 GB  ,  256 GB,yes,5.84es,NA,16,13 + 2 ,3000,0,4.3
SamsungGalaxyM30,GradationBlue,16299,1,4 GB  , 64 GB  ,256GB,yes,6.4,NA,5,13,5000,0,4.4
SamsungGalaxyJ8,Blue,14990,11,4 GB  , 64 GB  ,  256 GB,yes,6,HD,16,16 + 5 ,3500,1,4.4
RealmeC1,MirrorBlack,6999,22,2 GB  , 32 GB  ,  256 GB,yes,6.2,HD,5,13 + 2 ,4230,1,4.4
RealmeC1,MirrorBlack,6999,22,2 GB  , 16 GB  ,  256 GB,yes,6.2,HD,5,13 + 2 ,4230,1,4.4
RealmeC1,MirrorBlack,8499,15,3 GB  , 32 GB  ,  256 GB,yes,6.2,HD,5,13 + 2 ,4230,1,4.4
LenovoVibeK5Note,Silver,12499,11,4 GB  , 32 GB  ,  128 GB,yes,5.5,FullHDDisplay,8,13,3500,1,4.1
LenovoK3Note,Yellow,9999,11,2 GB  , 16 GB  ,  32 GB,yes,5.5,FullHDDisplay,5,13,2900,1,4
LenovoK3Note,White,9999,11,2 GB  , 16 GB  ,  32 GB,yes,5.5,FullHDDisplay,5,13,2900,1,4
LenovoP2,Gold,16999,11,3 GB  , 32 GB  ,  128 GB,yes,5.5,FullHDDisplay,5,13,5100,1,4.3
LenovoVibeP1Turbo/VibeP1,Grey,8360,14,3 GB  , 32 GB  ,  128 GB,yes,5.5,FullHDDisplay,5,13,4900,1,3.7
LenovoK8Note,VenomBlack,9399,6,4 GB  , 64 GB  ,  128 GB,yes,5.5,FullHDDisplay,13,13 + 5 ,4000,1,4.1
MicromaxQ402+,Black,3250,24,1 GB  , 8 GB  ,  32 GB,yes,4,NA,8,5,1700,0,3.8
MicromaxBharat5InfinityEdition,MatteBlue,4749,32,1 GB  , 16 GB  ,  32 GB,yes,5.45,NA,5,5,5000,1,3.9
MicromaxCanvasTurboA250,White,17490,32,2 GB  , 16 GB  ,  32 GB,yes,5,FullHDDisplay,5,13,2000,0,3.8
MicromaxBharat2Plus,Blue,3699,26,1 GB  , 8 GB  ,  32 GB,yes,4,NA,5,5,1600,0,3.6
Realme2Pro,BlackSea,10490,25,4 GB  , 64 GB  ,  256 GB,yes,6.3,FHD,16,16 + 2 ,3500,1,4.5
Realme2Pro,BlueOcean,12490,21,6 GB  , 64 GB  ,  256 GB,yes,6.3,FHD,16,16 + 2 ,3500,1,4.5
Realme2Pro,BlackSea,12490,21,6 GB  , 64 GB  ,  256 GB,yes,6.3,FHD,16,16 + 2 ,3500,1,4.5
Honor9i,GraphiteBlack,8999,55,4 GB  , 64 GB  ,  128 GB,yes,5.9,FullHD,13,16 + 2 ,3340,0,4.3
Honor9i,AuroraBlue,8999,55,4 GB  , 64 GB  ,  128 GB,yes,5.9,FullHD,13,16 + 2 ,3340,0,4.3
Honor9N,SapphireBlue,8999,35,3 GB  , 32 GB  ,  256 GB,yes,5.84es,NA,16,13 + 2 ,3000,0,4.4
VivoY93,StarryBlack,11990,25,4 GB  , 32 GB  ,  256 GB,yes,6.22,HD,8,13 + 2 ,4030,1,4.4
VivoY93,NebulaPurple,11990,25,4 GB  , 32 GB  ,  256 GB,yes,6.22,HD,8,13 + 2 ,4030,1,4.4
VivoV15Pro,TopazBlue,29990,14,8 GB  , 128 GB  ,  256 GB,yes,6.39,FHD,5,48 Million Quad Pixel Sensor (12 Million Effective Pixel) + 8 + 5,3700,1,4.6
VivoY95,NebulaPurple,13990,26,4 GB  , 64 GB  ,  256 GB,yes,6.22,HD,20,13 + 2 ,4030,1,4.4
VivoY95,StarryBlack,13990,26,4 GB  , 64 GB  ,  256 GB,yes,6.22,HD,20,13 + 2 ,4030,1,4.4
VivoV9Pro,Black,14990,16,4 GB  , 64 GB  ,  256 GB,yes,6.3,FHD,16,13 + 2 ,3260,1,4.5
VivoY91,OceanBlue,8990,25,2 GB  , 32 GB  ,  256 GB,yes,6.22,HD,8,13 + 2 ,4030,1,4.3
VivoY81i,Gold,7990,27,2 GB  , 16 GB  ,  256 GB,yes,6.22,HD,5,13,3260,1,4.4
VivoY81i,Black,7990,27,2 GB  , 16 GB  ,  256 GB,yes,6.22,HD,5,13,3260,1,4.4
VivoV7+,MatteBlack,21990,27,4 GB  , 64 GB  ,  256 GB,yes,5.99,HDDisplay,24,16,3225,1,4.4
Honor7S,Blue,5499,38,2 GB  , 16 GB  ,  256 GB,yes,5.45,NA,5,13,3020,0,4.1
RealmeU1,AmbitiousBlack,10875,9,3 GB  , 64 GB  ,  256 GB,yes,6.3,NA,16,13,3500,0,4.4
RealmeU1,AmbitiousBlack,9799,24,3 GB  , 32 GB  ,  256 GB,yes,6.3,NA,16,13,3500,0,4.4
RealmeU1,BraveBlue,9799,26,3 GB  , 32 GB  ,  256 GB,yes,6.3,NA,16,13,3500,0,4.4
MicromaxBharat5,MatteDarkBlue,5495,33,1 GB  , 16 GB  ,  32 GB,yes,5.2,NA,8,5,5000,0,3.9
MicromaxBharat5,LavaRed,4350,37,1 GB  , 16 GB  ,  32 GB,yes,5.2,NA,8,5,5000,0,3.9
MicromaxCanvasFire3A096,Black,3930,37,1 GB  , 8 GB  ,  32 GB,yes,4.5,quarterHDDisplay,2,5,1850,1,3.6
MicromaxCanvas2,Champagne,5559,1,3 GB  , 16 GB  ,  64 GB,yes,5,HDDisplay,5,13,3050,1,3.8
MicromaxBharat5Plus,JetBlack,5699,27,2 GB  , 16 GB  ,  64 GB,yes,5.2,HDDisplay,5,8,5000,1,4
MicromaxBharat4DiwaliEdition,MatteBlue,3874,22,1 GB  , 8 GB  ,  32 GB,yes,5,FWVGADisplay,2,5,2000,1,3.8
MicromaxVdeo4,Grey,3999,2,1 GB  , 8 GB  ,  32 GB,yes,5,HDDisplay,2,8,4000,1,3.6
LenovoP2,Grey/GraphiteGrey,10849,36,3 GB  , 32 GB  ,  128 GB,yes,5.5,FullHDDisplay,5,13,5100,1,4.3
LenovoVibeK5Note,Gold,8999,36,3 GB  , 32 GB  ,  128 GB,yes,5.5,FullHDDisplay,8,13,3500,1,4.1
LenovoS90OrSisleyS90,Grey,12999,36,2 GB  , 32 GB  ,128GB,yes,5,HDDisplay,8,13,2300,0,3.6
LenovoK9Note,Black,9999,16,4 GB  , 64 GB  ,  256 GB,yes,5.99,HD,8,16 + 2 ,3760,1,4.3
LenovoK9Note,white,9999,16,4 GB  , 64 GB  ,  256 GB,yes,5.99,HD,8,16 + 2 ,3760,1,4.3
NubiaRedMagic3,Black,35999,7,8 GB  , 128 GB  ,256GB,yes,6.6,FullHDDisplay,16,48,5000,1,5
NubiaRedMagic3,Red,35999,7,8 GB  , 128 GB  ,256GB,yes,6.6,FullHDDisplay,16,48,5000,1,5
VivoV15Pro,TopazBlue,29990,14,8 GB  , 128 GB  ,  256 GB,yes,6.39,FHD,5,48 Million Quad Pixel Sensor (12 Million Effective Pixel) + 8 + 5,3700,1,4.6
GooglePixel3a,JustBlack,39999,11,4 GB  , 64 GB  ,128GB,yes,5.6,FHD,8,12.2,3000,1,4.5
SamsungGalaxyA8Star,Black,18899,47,6 GB  , 64 GB  ,128GB,yes,6.3,NA,8,24,3700,0,4.3
AppleiPhone6s,SpaceGrey,29590,1,32 GB  ,64GB,128GB,yes,4.7,RetinaHDDisplay,8,12,4000,1,4.5
BlackShark2,ShadowBlack,39999,13,6 GB  , 128 GB  ,256GB,yes,6.39,NA,20,48 + 12 ,4000,1,4.7
SamsungGalaxyA9,LemonadeBlue,25990,27,6 GB  , 128 GB  ,  512 GB,yes,6.3,FHD,24,24 + 5 + 10 +8 ,3800,1,4.4
AppleiPhone6sPlus,Gold,39990,27,32 GB  ,64GB,  512 GB,yes,5.5,RetinaHDDisplay,24,12,4000,1,4.4
AppleiPhone6sPlus,Silver,39990,6,16 GB  ,64GB,  512 GB,yes,5.5,RetinaHDDisplay,24,12,3500,1,4.3
VivoV15Pro,TopazBlue,26990,18,6 GB  , 128 GB  ,  256 GB,yes,6.39,FHD,5,48 Million Quad Pixel Sensor (12 Million Effective Pixel) + 8 + 5,3700,1,4.5
GooglePixel3a,ClearlyWhite,39999,11,4 GB  , 64 GB  ,128GB,yes,5.6,FHD,8,12.2,3000,1,4.5
VivoV15Pro,RubyRed,29990,14,8 GB  , 128 GB  ,  256 GB,yes,6.39,FHD,5,48 Million Quad Pixel Sensor (12 Million Effective Pixel) + 8 + 5,3700,1,4.6
SamsungGalaxyNote8,OrchidGrey,36990,50,6 GB  , 64 GB  ,  256 GB,yes,6.3,QuadHD,8,12 + 12 ,3300,0,4.6
HTCU11,SolarRed,39999,25,6 GB  , 128 GB  ,256GB,yes,5.5,QuadHDDisplay,16,12,3000,1,4.6
HuaweiP9,TitaniumGrey,39999,25,3 GB  , 32 GB  ,  128 GB,yes,5.2,FullHDDisplay,8,12 + 12 ,3000,1,4.5
SamsungGalaxyA8Plus,Gold,19960,28,6 GB  , 64 GB  ,128GB,yes,6,NA,8,16,3500,0,4.3
MotoZwithStyleMod,White,39999,28,4 GB  , 64 GB  ,  2 TB,yes,5.5,QuadHDDisplay,5,13,2600,1,4.1
MotoZwithStyleMod,Black,39999,28,4 GB  , 64 GB  ,  2 TB,yes,5.5,QuadHDDisplay,5,13,2600,1,4.1
HuaweiP9,PrestigeGold,39999,28,3 GB  , 32 GB  ,  128 GB,yes,5.2,FullHDDisplay,8,12 + 12 ,3000,1,4.5
HuaweiP9,MysticSilver,39999,28,3 GB  , 32 GB  ,  128 GB,yes,5.2,FullHDDisplay,8,12 + 12 ,3000,1,4.5
OPPOR17Pro,RadiantMist,29990,40,8 GB  , 128 GB  ,256GB,yes,6.4,NA,25,12 + 20 ,3700,1,4.4
SamsungGalaxyNote8,MidnightBlack,36990,50,6 GB  , 64 GB  ,  256 GB,yes,6.3,QuadHD,8,12 + 12 ,3300,0,4.6
SamsungGalaxyNote8,MapleGold,36990,50,6 GB  , 64 GB  ,  256 GB,yes,6.3,QuadHD,8,12 + 12 ,3300,0,4.6
